Phrase,Freq,Country,#hashtag
democrats,226104,usa,democrat
impeachment,175036,usa,impeachment
america,124925,usa,
house,99320,usa,
iran,86244,usa,fp-iran
obama,83980,usa,democrat
media,82729,,media
dems,78756,usa,democrat
senate,77871,usa,
pelosi,73331,usa,democrat
president trump,68977,usa,republican
election,66802,,election
state,64526,usa,
life,58926,,value
ukraine,58177,usa,fp-ukraine
money,56046,,economy
power,53992,,power
evidence,52932,,justice
history,52326,,history
twitter,50399,usa,media
nancy pelosi,50049,usa,democrat
adam schiff,49692,usa,democrat
law,48995,,justice
fbi,48446,usa,fbi
truth,47978,,value
campaign,47127,,election
trump,46980,usa,republican
states,46533,usa,
family,46165,,family
government,44332,,government
court,43735,,justice
investigation,43335,,justice
women,42177,,segment
children,41718,,segment
woman,41498,,segment
war,41443,,conflict
u.s.,39400,usa,
virginia,37590,usa,
schiff,37577,usa,democrat
voters,36054,,election
russia,35621,,russia
job,35608,,economy
corruption,34677,,crime
joe biden,34213,usa,democrat
abuse,33955,,crime
rally,33930,,protest
god,33898,,religion
men,33401,,segment
china,33007,usa,fp-china
deal,32827,,deal
labour,32173,uk,party
lies,31790,,value
biden,31661,usa,democrat
economy,31418,,economy
citizens,30490,,immigration
crime,30439,,crime
nation,30351,,nationalism
eu,30347,eu,eu
facts,29868,,value
bernie,29412,usa,democrat
clinton,28916,usa,democrat
constitution,28586,,value
witnesses,28506,,justice
death,28256,,conflict
nancy,28234,usa,democrat
trial,28188,,justice
vote,27500,,election
home,27443,,value
justice,27387,,justice
jobs,26446,,economy
bernie sanders,25822,usa,democrat
boris,25799,uk,conservative
bill,25772,,justice
police,25187,,justice
christmas,25037,,religion
kids,24727,,segment
hell,24370,,religion
hillary,24303,usa,democrat
crimes,23705,,crime
rights,23684,,justice
terrorists,23507,,terrorism
boris johnson,23410,uk,conservative
americans,23148,usa,
donald,22617,usa,republican
liberals,22467,usa,democrat
iraq,22040,usa,fp-iraq
child,21951,,segment
speaker,21128,usa,
freedom,21015,usa,value
israel,20906,,fp-israel
canada,20265,usa,fp-canada
washington,19210,usa,
candidate,19155,,elections
flynn,18981,usa,intelligence
coup,18871,,conflict
hillary clinton,18861,usa,democrat
attack,18816,,conflict
shot,18777,,crime
american,18663,usa,
liar,18544,,value
california,18507,usa,
horowitz,17933,usa,justice
votes,17859,,election
harry,17792,uk,royalty
attorney,17775,,justice
donald trump,17390,usa,republican
senators,17348,usa,
britain,17327,uk,
conservatives,17244,uk,conservative
security,16789,,security
troops,16740,,defense
threat,16670,,conflict
democracy,16608,,election
hunter biden,16591,usa,democrat
violence,16555,,conflict
prison,16456,,crime
debate,16386,,election
families,16142,,family
school,16007,,education
london,15888,uk,
poll,15752,,election
meghan,15627,uk,royalty
girls,15569,,segment
girl,15562,,segment
guns,15560,,gun control
democrat,15549,usa,democrat
trade deal,15419,,economy
lives,15331,,value
students,15182,,education
australia,15102,,fp-australia
impeachment trial,15023,usa,impeachment
elections,15003,,election
iowa,14632,usa,
protesters,14537,,protest
florida,14448,usa,
climate change,14425,,cc
press,14086,,media
journalists,13852,,media
patriot,13651,,nationalism
mueller,13625,usa,justice
missiles,13552,,defense
enemy,13475,,conflict
hollywood,13391,usa,media
racism,13366,,race
judge,13327,,justice
greta,13281,,cc
flag,13215,,nationalism
france,13130,france,france
socialism,13052,,ideology
potus,13036,usa,trump
amendment,12954,usa,justice
texas,12846,usa,
tx,12846,usa,
republicans,12811,usa,republican
jail,12723,,crime
parliament,12686,uk,
swamp,12685,usa,
carter,12548,usa,
treason,12516,,crime
love,12488,,value
fraud,12464,,crime
dollars,12411,usa,economy
nadler,12365,usa,democrat
warren,12357,usa,democrat
witness,12336,,justice
whistleblower,12300,,justice
crowd,12275,,protest
propaganda,12218,,media
business,12212,,economy
laws,11982,,justice
durham,11844,usa,
parents,11815,,segment
jesus,11577,,christian
murder,11523,,crime
house democrats,11500,usa,democrat
jeremy corbyn,11480,uk,labour
voter,11429,,election
romney,11401,usa,republican
soldiers,11401,,defense
elizabeth warren,11354,usa,democrat
testimony,11162,,justice
mother,11115,,family
race,11049,,election
daughter,10958,,family
protests,10943,,protest
scotland,10866,uk,
criminals,10847,,crime
christian,10841,,christian
brennan,10814,usa,intelligence
facebook,10699,usa,media
narrative,10692,,media
taxes,10666,,economy
sanders,10636,usa,democrat
rule,10621,,justice
patriots,10582,,nationalism
aliens,10580,,immigration
terrorism,10565,,terrorism
faith,10545,,religion
air,10499,,cc
immigrants,10472,,immigration
journalist,10445,,media
gun,10399,,gun control
collusion,10349,,justice
cops,10330,,justice
impeachment hoax,10312,usa,impeachment
quid,10183,uk,
johnson,10044,uk,conservative
polls,10008,,election
wtobrexitnow,10000,uk,
us president,10000,usa,
husband,9927,,family
quo,9925,usa,impeachment
senator,9887,usa,
india,9857,,fp-india
water,9853,,cc
hoax,9787,,media
babies,9775,,family
schools,9760,,education
judges,9724,,justice
baby,9709,,family
europe,9652,eu,europe
refugees,9603,,immigration
fight,9592,,conflict
obstruction,9535,usa,justice
lawyers,9394,,justice
bidens,9350,usa,democrat
immigration,9328,,immigration
schumer,9270,usa,democrat
abortion,9230,usa,abortion
labour party,9206,uk,labour
defense,9117,,defense
mexico,9069,usa,fp-mexico
jerry nadler,9022,usa,democrat
border,8996,,immigration
congress,8901,usa,
leftists,8885,,ideology
dad,8881,,family
migrants,8878,,immigration
impeachment sham,8781,usa,impeachment
tehran,8772,usa,fp-iran
mcconnell,8721,usa,republican
army,8681,,defense
trade,8670,,economy
muslims,8632,,islam
protest,8579,,protest
aoc,8567,usa,democrat
sanctions,8491,usa,russia
prayers,8477,,religion
pensacola,8464,usa,
lawsuit,8283,,justice
crisis,8270,,economy
gangs,8247,,crime
weapons,8225,,defense
conspiracy,8147,,media
sham impeachment,8128,usa,impeachment
missile,8096,,defense
reporters,8072,,media
isis,8049,,terrorism
germany,8038,germany,germany
afghanistan,8011,usa,fp-afghanistan
culture,8005,,value
impeachment articles,7981,usa,impeachment
religion,7955,,religion
richmond,7910,usa,
misconduct,7886,usa,justice
puerto,7866,usa,
sweden,7828,sweden,sweden
planet,7754,,cc
bases,7695,usa,defense
college,7687,,education
church,7613,,christian
space,7600,,defense
hospital,7584,,health
queen,7563,uk,royalty
student,7521,,education
epstein,7504,usa,justice
john kerry,7227,usa,democrat
intelligence,7198,,intelligence
assault,7195,,crime
taxpayers,7154,,economy
courts,7107,,justice
representatives,7079,usa,
bribery,7060,,crime
jeremy,7059,uk,labour
blood,7057,,conflict
pennsylvania,7046,usa,
rudy giuliani,6988,usa,republican
senate trial,6978,usa,
islam,6974,,islam
benghazi,6970,,fp-libya
syria,6955,,fp-syria
coverage,6903,,health
animals,6898,,cc
unemployment,6873,,economy
arms,6805,,defense
counsel,6798,usa,justice
establishment,6798,,segment
climate,6761,,cc
youtube,6760,usa,media
education,6755,,education
nothing democrats,6728,usa,democrat
rudy,6723,usa,republican
nyc,6722,usa,
prayer,6720,,religion
governor,6716,usa,
giuliani,6653,usa,republican
george soros,6650,,soros
christianity,6602,,christian
protestors,6598,,protest
health,6553,,health
england,6539,uk,
energy,6516,,cc
companies,6512,,economy
mitch mcconnell,6469,usa,republican
cnn,6420,usa,left-media
pakistan,6400,,fp-pakistan
gang,6357,,crime
law enforcement,6349,,justice
fairness,6338,,value
davos,6330,,fp-globalists
lindsey graham,6282,usa,republican
milwaukee,6251,usa,
referendum,6247,uk,election
borders,6221,,immigration
citizenship,6218,,immigration
meghan markle,6199,uk,royalty
battle,6197,,defense
activist,6169,,protest
casualties,6145,,conflict
charges,6108,,justice
mainstream media,6098,,media
tax,6075,,spending
credit,6055,,economy
michigan,6047,usa,
usa,6035,usa,
change,6032,,protest
petition,6030,,protest
dnc,6029,usa,democrat
strike,5975,,protest
chuck schumer,5945,usa,democrat
activists,5943,,protest
cancer,5872,,health
mom,5752,,family
congressman,5741,usa,
revolution,5728,,protest
george,5700,,soros
allies,5696,usa,fp
mccabe,5687,usa,fbi
hearings,5681,usa,justice
wars,5677,,defense
left,5666,,ideology
news media,5601,,media
jews,5568,,jews
deaths,5562,,conflict
socialists,5548,,ideology
terror,5521,,terrorism
james comey,5396,usa,fbi
manchester,5330,uk,
healthcare,5313,,health
flight,5299,,conflict
prosecution,5271,,justice
john durham,5224,usa,fbi
libs,5203,,ideology
devin nunes,5186,usa,republican
actor,5163,,media
google,5082,usa,media
courage,5073,,value
legislation,5045,,justice
poverty,5025,,economy
journalism,5025,,media
drugs,5013,,health
conflict,4951,,conflict
ireland,4937,uk,
paris,4924,france,france
jeffrey epstein,4923,usa,justice
elites,4921,,segment
uk,4877,uk,
libya,4855,,fp-libya
bank,4847,,economy
oil,4831,,economy
barr,4824,usa,justice
wages,4797,,economy
arrests,4794,,justice
weapon,4784,,crime
bill barr,4755,usa,justice
doctors,4750,,health
julian assange,4748,,russia
farmers,4682,,economy
civilians,4678,,segment
humanity,4621,,cc
internet,4593,,media
shooter,4573,,crime
scientists,4567,,segment
nick sandmann,4559,usa,gun control
commander,4537,,defense
trafficking,4533,,crime
senate impeachment trial,4531,usa,impeachment
lord,4524,uk,
soleimani,4518,usa,fp-iran
chris wallace,4498,usa,left-media
communism,4497,,ideology
obamas,4493,usa,democrat
africa,4493,,fp-africa
adults,4481,,segment
re-election,4442,usa,elections
liberty,4437,usa,value
doctor,4407,,health
flags,4398,,nationalism
county,4395,,nationalism
independence,4333,,nationalism
laura loomer,4288,usa,far-right
stock market,4285,,economy
saudi,4263,usa,fp-saudi
christians,4259,,christian
john brennan,4258,usa,intelligence
kyle jurek,4209,usa,far-left
warming,4179,,cc
debt,4166,,economy
wuhan,4148,usa,fp-china
brussels,4097,eu,eu
bloomberg,4078,usa,democrat
tax dollars,4056,,economy
antisemitism,4029,,jews
kingdom,4024,uk,
nigeria,4021,,fp-nigeria
assassination,4002,,crime
clintons,3993,usa,democrat
san francisco,3993,usa,
graham,3966,usa,republican
clapper,3935,usa,intelligence
saudi arabia,3895,usa,fp-saudi
racists,3877,,race
budget,3862,,economy
amazon,3854,usa,
virus,3848,,health
trade deals,3833,,economy
teacher,3825,,education
meme,3820,,media
impeachment hearings,3810,usa,impeachment
anti-semitism,3798,,jews
justice department,3785,usa,justice
trudeau,3773,usa,fp-canada
environment,3773,,cc
communist,3772,,ideology
hindus,3756,,fp-india
christ,3754,,christian
minnesota,3724,usa,
killing,3720,,crime
arizona,3719,usa,
voter fraud,3716,,election
minorities,3710,,minorities
portland,3706,usa,
jeff van,3706,usa,
putin,3662,,russia
nbc,3655,usa,
earth,3653,,cc
justin trudeau,3647,usa,fp-canada
turkey,3638,,fp-turkey
korea,3634,usa,fp-korea
joe bidens,3617,usa,democrat
indictment,3615,usa,justice
utah,3588,usa,
venezuela,3586,usa,fp-southamerica
pentagon,3580,usa,defense
kong,3578,,fp-hongkong
harvard,3567,usa,
impeachment process,3559,usa,impeachment
caucus,3552,usa,
nj,3532,usa,
nature,3520,,cc
teachers,3487,,education
va,3472,usa,
house dems,3470,usa,democrat
mass,3470,usa,
veteran,3454,usa,defense
veterans,3426,usa,defense
wisconsin,3426,usa,
gas,3403,,energy
pompeo,3377,usa,republican
michael flynn,3373,usa,defense
minority,3361,,minorities
chicago,3344,usa,
homelessness,3339,,poverty
shooting,3338,,crime
ice,3322,,cc
representative,3308,usa,
crowds,3275,,protest
nazis,3263,,far-right
georgia,3260,usa,
illinois,3260,usa,
ohio,3255,usa,
hunter,3246,usa,democrat
cc,3238,,cc
resistance,3233,,protest
netflix,3223,usa,media
jerusalem,3213,,fp-israel
impeachment case,3199,usa,impeachment
debates,3199,usa,justice
patients,3199,,health
dc,3193,usa,
delhi,3163,,fp-india
vince vaughn,3155,usa,actor
agencies,3141,usa,
fathers,3141,,family
censorship,3135,,media
gun control,3134,usa,gun control
jesus christ,3129,,christian
hershey,3106,usa,
bomb,3102,,terrorism
devil,3088,,religion
tory,3067,uk,conservative
communists,3052,,ideology
state department,3035,usa,dos
abortions,3032,usa,abortion
mike bloomberg,3021,usa,democrat
christopher wray,3019,usa,fbi
illegals,3016,,immigration
bombs,3006,,terrorism
italy,3003,eu,fp-italy
attacks,3003,,conflict
hospitals,2994,,health
conspiracy theory,2994,,media
parenthood,2993,usa,abortion
tucker carlson,2961,usa,cons-media
intel,2961,,intelligence
ted cruz,2960,usa,republican
state dept,2956,usa,dos
harvey weinstein,2952,usa,rape
mullahs,2946,usa,fp-iran
carolina,2936,usa,
banks,2930,,economy
wind,2929,,energy
subpoenas,2910,usa,justice
trees,2909,,cc
fisa,2890,usa,fbi
hamas,2866,usa,fp-iran
hitler,2862,,ideology
mitch,2853,usa,republican
amendment rights,2848,usa,justice
universities,2847,,education
gun owners,2839,usa,gun control
unemployment rate,2838,,economy
witch hunt,2829,usa,media
rashida,2811,usa,democrat
capitalism,2803,,economy
jess phillips,2799,uk,labour
slavery,2796,,human-rights
fox,2793,usa,cons-media
jordan,2793,,fp-jordan
jury,2791,,justice
commission,2790,usa,justice
rotherham,2761,uk,
impeachment inquiry,2747,usa,impeachment
taxpayer dollars,2717,usa,spending
iranians,2715,usa,fp-iran
youth,2690,,youth
genocide,2687,,human-rights
retweets,2684,usa,media
radio,2684,,media
baghdad,2678,usa,fp-iraq
satan,2674,,religion
extremists,2667,,terrorism
gender,2657,,gender
japan,2655,usa,fp-japan
trade agreement,2645,usa,fp-china
fb,2645,usa,media
riots,2643,,protest
nypd,2641,usa,justice
owen,2633,uk,journalist
judiciary,2631,,justice
rep.,2625,usa,
ny,2624,usa,
sentencing,2622,,justice
subpoena,2568,usa,
cruz,2565,usa,republican
blacks,2563,usa,race
bushfires,2562,,cc
duchess,2558,uk,royalty
capitol,2551,usa,
tariffs,2549,usa,fp-china
william,2542,uk,royalty
charles,2535,uk,royalty
lefties,2515,,ideology
barack obama,2509,usa,democrat
senate floor,2492,usa,
qatar,2479,,fp-me
seattle,2475,usa,
gaza,2469,,fp-israel
disinformation,2456,,media
electorate,2453,,election
trolls,2437,,media
navy,2430,,defense
waters,2423,,cc
christopher steele,2415,uk,intel
gop,2413,usa,republican
vets,2409,usa,defense
andrew mccabe,2378,usa,fbi
supremacists,2376,,supremacists
nato,2365,usa,nato
palestine,2363,,fp-israel
sky,2357,uk,media
justice system,2353,,justice
jonathan turley,2348,usa,impeachment
vaccines,2340,,health
dollar,2337,usa,economy
#impeachment,2334,usa,impeachment
collusion hoax,2332,usa,justice
blair,2331,uk,labour
dem,2324,usa,democrat
william barr,2322,usa,justice
vet,2320,usa,defense
firearms,2315,usa,gun control 
house floor,2313,usa,
catholic,2313,,christian
house judiciary committee,2312,usa,
doj,2309,usa,justice
houston,2307,usa,
refugee,2306,,immigration 
disease,2301,,health
war powers resolution,2293,usa,justice
sanctuary cities,2282,usa,immigration 
bush,2276,usa,republican
reagan,2273,usa,republican
judiciary committee,2254,usa,justice
taxpayer money,2253,,spending
coal,2252,,cc
protester,2248,,protest
rallies,2244,,protest
impeachment scam,2243,usa,impeachment
rep,2233,usa,republican
ballot,2233,,election
feminists,2233,,ideology
ukrainians,2232,usa,fp-ukraine
corbyn,2228,uk,labour
alabama,2228,usa,
mar-a-lago,2224,usa,trump
emily thornberry,2215,uk,labour
foreigners,2214,,immigration 
nurses,2206,,health
richard jewell,2197,usa,
elizabeth,2179,usa,democrat
michael bloomberg,2153,usa,democrat
kentucky,2153,usa,
switzerland,2136,switzerland,sweden
la,2116,usa,
barron,2114,usa,trump
mark levin,2113,usa,cons-media
greta thunberg,2105,,cc
pamela karlan,2104,usa,democrat
nigel farage,2103,uk,brexit
boston,2103,usa,
marines,2090,usa,defense
kamala harris,2086,usa,democrat
persecution,2073,,human-rights
arsonists,2071,,crime
murders,2068,,crime
baltimore,2067,usa,
sessions,2064,usa,republican
fascists,2060,,ideology
honesty,2049,,value
john bolton,2043,usa,republican
tommy robinson,2039,uk,far-right
ivanka,2039,usa,trump
tucker,2038,usa,
laura ingraham,2036,usa,cons-media
austin,2015,usa,
jim jordan,2012,usa,republican
fascism,2005,,ideology
obamacare,2003,usa,health
party meps,2000,uk,
militia,1996,usa,protest
medicine,1995,,health
westminster,1993,uk,
john bercow,1980,uk,conservative
nurse,1976,,health
arson,1974,,crime
austerity,1972,uk,economy
pat cipollone,1970,usa,republican
murderer,1958,,crime
cambridge,1950,uk,
sydney,1944,,fp-australia
jihad,1938,,terrorism
alan dershowitz,1933,usa,republican
poland,1928,poland,poland
khamenei,1924,usa,fp-iran
impeachment coup,1906,usa,impeachment
election results,1905,,election
martin luther,1903,usa,race
hezbollah,1898,usa,fp-iran
vietnam,1897,,fp-vietnam
mp,1895,uk,
hijab,1894,,islam
world war,1888,,defense
empire,1882,usa,fp
border wall,1878,usa,immigration 
conscience,1878,,value
sidney powell,1876,usa,
brits,1874,uk,
family members,1874,,family
mosque,1873,,islam
arkansas,1871,usa,
reps,1868,usa,republican
patriotism,1864,,nationalism
knife,1854,uk,terrorism
massacre,1851,,crime
misdemeanors,1850,,crime
jacksonville,1841,usa,
whites,1837,usa,race
doug collins,1831,usa,republican
prince,1830,uk,royalty
rapes,1829,,crime
impeachment managers,1824,usa,impeachment
cory booker,1816,usa,democrat
derangement syndrome,1816,,health
supremacist,1810,usa,race
mike lee,1809,usa,republican
anti-semite,1806,,jews
nhs,1794,uk,health
eric ciaramella,1794,usa,
spain,1793,spain,spain
limbaugh,1793,usa,cons-media
atlanta,1783,usa,
liberalism,1777,,ideology
fuel,1772,,cc
jack wilson,1764,usa,gun debate
electricity,1763,,cc
nigel,1760,uk,brexit
climate crisis,1756,,cc
food stamps,1755,,poverty
khan,1746,,fp-pakistan
teenager,1743,,youth
bjp,1742,,fp-india
player,1737,,religion
ralph northam,1735,usa,democrat
impeachment manager,1732,usa,impeachment
hearing,1731,usa,impeachment
war powers,1721,usa,justice
yemen,1718,,fp-yemen
detroit,1708,usa,
illness,1707,,health
ayatollah,1705,usa,fp-iran
primaries,1691,usa,elections
surgery,1691,,health
economics,1690,,economy
project veritas,1689,usa,
heritage,1686,usa,
pope,1682,,christian
donald j trump,1680,usa,trump
recession,1677,,economy
sussex,1675,uk,
gun rights rally,1675,usa,gun control
egypt,1674,,fp-egypt
vegas,1667,usa,
keir starmer,1660,uk,labour
boris johnsons,1659,uk,conservative
tennessee,1656,usa,
nothing dems,1652,usa,democrat
labor,1651,uk,labour
cuba,1647,usa,fp-cuba
michelle obama,1642,usa,democrat
sex trafficking,1631,,crime
monarchy,1613,uk,royalty
injuries,1602,,health
arse,1601,uk,
english,1599,uk,
klobuchar,1597,usa,democrat
hampshire,1574,usa,
holocaust,1572,,jews
oregon,1571,usa,
animal,1570,,cc
ricky gervais,1563,uk,comedian
militias,1562,usa,protest
radicals,1559,,protest
murderers,1558,,crime
snowflakes,1556,usa,segment
alberta,1555,usa,fp-canada
bbc,1554,uk,media
cia,1553,usa,intelligence
house speaker,1552,usa,
rebellion,1552,,cc
emissions,1547,,cc
sin,1546,,religion
steve bannon,1543,usa,republican
prince harry,1542,uk,royalty
labour leader,1541,uk,labour
sheriff,1539,usa,justice
jim comey,1535,usa,fbi
roger stone,1535,usa,republican
farmer,1535,,economy
hunter bidens,1529,usa,democrat
impeachment charade,1528,usa,impeachment
pounds,1526,uk,economy
executive privilege,1526,usa,trump
shootings,1524,,gun control
gas company,1522,,energy
masses,1519,,protest
kevin mccarthy,1517,usa,republican
gun rights,1516,usa,gun control
washington dc,1514,usa,
commie,1510,,ideology
roger,1502,usa,republican
philadelphia,1499,usa,
bots,1499,,media
noah feldman,1493,usa,author 
gunman,1492,usa,gun control
mike rogers,1490,usa,republican
andrew neil,1481,uk,journalist 
chris matthews,1476,usa,left-media
instagram,1476,usa,media
tories,1463,uk,conservative
swinson,1459,uk,libdems
rush limbaugh,1459,usa,cons-media
oklahoma,1459,usa,
greece,1449,eu,fp-greece
gun rally,1444,usa,gun control
ratcliffe,1444,usa,republican
mike flynn,1444,usa,republican
megan,1444,usa,
globalists,1442,,fp-globalists
dem party,1441,usa,democrat
merkel,1438,germany,germany
kansas,1437,usa,
boeing,1433,usa,
earthquake,1433,,cc
mass immigration,1426,,cc
nationalism,1424,,nationalism
angels,1423,,religion
demonstration,1422,,protest
manhattan,1421,usa,
colorado,1419,usa,
haiti,1419,,fp-haiti
oligarch,1418,,russia
species,1412,,cc
allah,1410,,islam
migration,1408,,immigration
hurricane,1407,,cc
trump supporter,1406,usa,segment
sins,1406,,religion
hawaii,1404,usa,
burisma,1400,usa,fp-ukraine
lincoln,1398,usa,
royals,1397,uk,royalty
teens,1397,,youth
canadians,1395,usa,fp-canada
nsc,1391,usa,intelligence
employment,1389,,economy
rinos,1388,,cc
miami,1384,usa,
troll,1383,,media
impeachment witness,1382,usa,impeachment
sadiq khan,1371,uk,labour
jfk,1370,usa,
tehran nancy,1368,usa,fp-iran
paul krugman,1366,usa,left-media
congressmen,1365,usa,
shell,1363,netherlands,netherlands
impeachment farce,1360,usa,impeachment
martin luther king jr.,1357,usa,race
hussein obama,1344,usa,democrat
billy graham,1343,usa,evangelical
impeachment proceedings,1325,usa,impeachment
scots,1323,uk,
diane abbott,1320,uk,labour
john solomon,1320,usa,cons-media
house impeachment,1315,usa,impeachment
peerage,1308,uk,
conway,1307,usa,trump
brendan oneill,1304,uk,journalist 
tony blair,1299,uk,labour
circuit,1294,usa,justice
glasgow,1293,uk,
honduras,1290,usa,fp-southamerica
circuit court,1288,usa,justice
david kris,1288,usa,justice
chris wray,1287,usa,fbi
rand paul,1286,usa,republican
fisa warrant,1284,usa,fbi
daniel goldman,1275,usa,impeachment
kiev,1274,usa,fp-ukraine
berlin,1273,germany,germany
lindsey,1272,usa,republican
leeds,1270,uk,
birmingham,1270,uk,
gun laws,1268,usa,gun debate
ken starr,1267,usa,justice
michael horowitz,1265,usa,justice
impeachment votes,1264,usa,impeachment
auschwitz,1263,,jews
netanyahu,1259,,fp-israel
nixon,1255,usa,
soros,1254,eu,soros
withdrawal agreement,1250,uk,brexit
mosques,1248,,islam
yorkshire,1247,uk,
rachel maddow,1241,usa,left-media
bolton,1239,usa,republican
indiana,1239,usa,
house republicans,1238,usa,republican
kavanaugh,1234,usa,republican
george nader,1232,usa,child-abuse
guam,1231,usa,fp-southamerica
bolivia,1230,usa,fp-southamerica
rod rosenstein,1227,usa,justice
massachusetts,1224,usa,
duke,1221,usa,
norway,1214,norway,norway
susan collins,1210,usa,republican
riot,1209,,protest
denmark,1207,denmark,denmark
russians,1200,eu,
commonwealth,1197,uk,
guatemala,1185,usa,fp-southamerica
kennedy,1183,usa,democrat
ford,1181,usa,
nazi,1180,,nazism
security council,1172,usa,intelligence
arabia,1169,usa,fp-saudi
saudis,1169,usa,fp-saudi
greens,1166,,cc
owen jones,1165,uk,journalist
islamists,1157,,islam
gates,1153,usa,republican
obama-era,1135,usa,democrat
alex jones,1134,usa,far-right
thatcher,1133,uk,conservative
nas pensacola,1132,usa,
michael atkinson,1122,usa,justice
barron trump,1121,usa,trump
beijing,1118,usa,fp-china
franklin graham,1115,usa,evangelical
islamic,1115,,islam
juan williams,1111,usa,cons-media
mike pompeo,1107,usa,dos
geraldo,1100,usa,media
jihadists,1100,,terrorism
labour government,1092,uk,labour
jay sekulow,1092,usa,cons-media
hate crime,1090,,hate-crime
rome,1085,italy,italy
cuomo,1084,usa,democrat
gina miller,1080,uk,activist 
campaign trail,1072,usa,elections
cdc,1072,usa,health
gitmo,1072,usa,terrorism
temperatures,1071,,cc
clive lewis,1069,uk,labour
feinstein,1069,usa,democrat
belgium,1063,eu,belgium
impeachment witnesses,1060,usa,impeachment
house impeachment managers,1060,usa,impeachment
mccain,1060,usa,republican
page fisa,1059,usa,fbi
liverpool,1058,uk,
malarkey,1058,usa,
sean hannity,1056,usa,cons-media
babylon,1053,usa,
vladimir putin,1053,,russia
michael moore,1051,usa,left-media
john roberts,1049,usa,justice
impeachment vote,1038,usa,impeachment
sturgeon,1030,uk,snp
temperature,1029,,cc
democrat party,1026,usa,democrat
senate republicans,1025,usa,republican
election campaign,1023,usa,elections
gaddafi,1022,,fp-libya
apartheid,1020,,fp-israel
goldman,1017,usa,
u.s,1016,usa,
bloke,1012,uk,
#trump,1012,usa,trump
antisemite,1011,,jews
centrists,1010,usa,
coup update,1001,usa,
states senate,1000,usa,
moscow,1000,,russia
ig report,1000,usa,
ge2019,1000,uk,
brexitbetrayal,1000,uk,
hamilton,1000,usa,
meps,1000,uk,
stockholm,999,sweden,sweden
charlottesville,999,usa,
chuck,994,usa,democrat
rochdale,992,uk,
nasa,989,usa,nasa
john ratcliffe,986,usa,republican
hrh,985,uk,
meghan mccain,983,usa,republican
impunity,983,usa,
qaeda,981,,terrorism
netherlands,980,netherlands,netherlands
comey,978,usa,fbi
stone,977,usa,republican
ranchers,977,usa,
crown,976,uk,royalty
memorial,976,usa,
bruce ohr,974,usa,
d.c.,971,usa,
defamation lawsuit,966,usa,
impeachment pens,962,usa,impeachment
politico,962,usa,media
greg abbott,961,usa,republican
climate emergency,961,,cc
reza aslan,958,usa,islam
van jones,958,usa,left-media
brett kavanaugh,957,usa,republican
smollett,957,usa,
poll numbers,955,usa,elections
nh,954,usa,
cali,953,usa,
alexa,952,usa,
cipollone,947,usa,
clint eastwood,946,usa,
vatican,945,eu,catholics
inspector generals,945,usa,
asylum seekers,943,usa,immigration 
brooklyn,942,usa,
oprah,942,usa,
george washington,941,usa,
impeachment circus,940,usa,impeachment
bureaucracy,936,usa,
refuge,935,usa,immigration 
homeland,935,usa,
louisiana,935,usa,
campaign manager,929,usa,elections
departure,929,usa,
dog-faced pony soldier,929,usa,
hungary,927,hungary,hungary
voter registration,922,usa,elections
ruth bader ginsburg,922,usa,justice
nc,922,usa,
tory party,920,uk,conservative
kyle,920,usa,republican
alexandra,918,usa,democrat
labour mps,917,uk,labour
john mcdonnell,916,uk,labour
rowling,915,uk,author
drug cartels,914,,crime
mexican,913,usa,fp-mexico
mark meadows,910,usa,republican
brad pitt,908,usa,actor
anderson cooper,908,usa,left-media
rashida tlaib,906,usa,democrat
jim acosta,906,usa,left-media
stanford,904,usa,
senate majority leader,903,usa,
trey,901,usa,
amy klobuchar,897,usa,democrat
republican,892,usa,republican
ronald reagan,892,usa,republican
maryland,891,usa,
sf,891,usa,
immigration fraud,890,usa,immigration 
angela rayner,889,uk,labour
kanye,887,usa,
extradition,886,usa,immigration 
candidate trump,886,usa,trump
dallas,885,usa,
evangelicals,883,usa,evangelical
smear campaign,882,usa,elections
sanctuary policies,881,usa,immigration 
alaska,877,usa,
senate democrats,875,usa,democrat
buckingham,872,uk,royalty
turley,870,usa,
sacramento,867,usa,
collin peterson,866,usa,democrat
catholics,865,eu,catholics
hank johnson,863,usa,democrat
robert mueller,862,usa,fbi
withdrawal agreement bill,861,eu,brexit
gregory timm,860,usa,terrorism
house counsel,858,usa,
murdoch,854,usa,cons-media
nrc,854,usa,
hillary clintons,850,usa,democrat
britons,848,uk,
climate refugees,847,,cc
defense bill,845,usa,defense
nra,839,usa,gun control
scott morrison,835,uk,fp-australia
finland,832,finland,finland
dime,832,usa,
modi,832,,fp-india
taylor swift,831,usa,singer
state sponsor,830,usa,
nike,829,usa,
michelle williams,828,usa,actress
kathy griffin,825,usa,comedian 
plp,825,usa,
fisa court,824,usa,fbi
josh hawley,821,usa,republican
spanish,821,,spain
macron,820,france,france
huawei,817,usa,fp-china
capitol hill,815,usa,
jeffrey epsteins,813,usa,child-abuse
ups,813,usa,
pelosi-schiff,799,usa,democrat
obama fbi,799,usa,fbi
democrats impeachment,795,usa,impeachment
george conway,794,usa,justice
level democrats,793,usa,democrat
dershowitz,793,usa,republican
latvia,791,latvia,latvia
liz,790,usa,
home secretary,788,uk,
ussr,788,,russia
telford,787,uk,
verge,787,usa,
wa,786,usa,
ocasio-cortez,785,usa,democrat
cia director,782,usa,intelligence
budapest,781,hungary,hungary
stacey abrams,777,usa,democrat
elvis,771,usa,
jeopardy,771,usa,
elissa slotkin,770,usa,intelligence
fisc,768,usa,intelligence
napolitano,767,usa,
newsom,760,usa,
taylor,760,usa,
border security,758,usa,immigration 
katie hopkins,757,uk,cons-media
spangled banner,755,usa,nationalism
nikki haley,754,usa,republican
tom fitton,753,usa,activist
columbia,753,usa,
blackburn,752,usa,
san diego,750,usa,
swedes,749,sweden,sweden
orleans,744,usa,
chelsea,743,uk,
erdogan,742,,fp-turkey
murkowski,741,usa,republican
baby mama,740,usa,
george lopez,739,usa,comedian
space force,738,usa,defense
brazil,737,usa,fp-southamerica
impeachment report,737,usa,impeachment
john mccain,733,usa,republican
mafia,733,,crime
isaiah,728,usa,
royalty,723,uk,royalty
missouri,721,usa,
chris steele,720,usa,sports
bradford,713,usa,
richard burgon,711,uk,labour
congresswoman,710,usa,
mississippi,709,usa,
jill biden,708,usa,democrat
weinstein,707,usa,rape
trump supporters,702,usa,trump
strasbourg,699,france,france
maddow,699,usa,left-media
david lammy,697,uk,labour
adam schiffs,694,usa,democrat
election year,689,usa,elections
lily allen,688,uk,singer 
climate activist,687,,cc
george papadopoulos,683,usa,trump
ben shapiro,680,usa,cons-media
virginians,678,usa,
refugee resettlement,676,usa,immigration 
glenn simpson,676,usa,media
christopher,676,usa,
bill gates,675,usa,
omar khadr,674,usa,terrorism
kimberley strassel,673,usa,cons-media
iraqis,672,usa,fp-iraq
michael cohen,671,usa,trump
republican party,668,usa,republican
#syria,668,,fp-syria
gavin newsom,666,usa,democrat
rifle,661,usa,gun control
bomber,658,,terrorism
san fran,654,usa,
marxists,654,,marxism
french,649,france,france
james clyburn,645,usa,democrat
microsoft,642,usa,
jackson lee,641,usa,democrat
mitt romney,641,usa,republican
chile,640,usa,fp-southamerica
phoenix,640,usa,
austria,639,austria,austria
impeachment effort,633,usa,impeachment
paul manafort,630,usa,republican
jeff bezos,629,usa,
gun control laws,628,usa,gun control
senate rules,624,usa,
nevada,622,usa,
oxford,617,uk,
ray mcgovern,614,usa,intelligence
nsa,613,usa,intelligence
louie gohmert,613,usa,republican
joe manchin,611,usa,democrat
karl,605,,marxism
joe digenova,603,usa,republican
hanukkah,594,,jews
jimmy carter,591,usa,democrat
elizabeth warrens,586,usa,democrat
impeachment trial rules,585,usa,impeachment
imran awan,584,usa,democrat
british,579,uk,
sergei millian,579,usa,russia
russian,575,,russia
chelsea clinton,571,usa,democrat
damascus,571,,fp-syria
yuri lutsenko,569,usa,fp-ukraine
palestinians,569,,fp-israel
bethlehem,565,,fp-israel
emmanuel macron,563,france,france
impeachment nonsense,563,usa,impeachment
hakeem jeffries,554,usa,democrat
portugal,553,portugal,portugal
mark francois,553,uk,conservative
charlie kirk,552,usa,cons-media
donald trump jr.,549,usa,trump
elon,547,usa,
impeachment team,546,usa,impeachment
robert charles,546,usa,republican
texans,543,usa,
dublin,540,uk,
impeachment push,540,usa,impeachment
impeachment evidence,540,usa,impeachment
cardiff,539,uk,
barry gardiner,537,uk,labour
impeachment crap,537,usa,impeachment
blyth,536,uk,
battle creek,535,usa,
maria bartiromo,532,usa,cons-media
sanctuary city,532,usa,immigration 
edinburgh,529,uk,
impeachment stunt,529,usa,impeachment
rick scott,529,usa,republican
gregg jarrett,524,usa,cons-media
impeachment rules,520,usa,impeachment
loretta lynch,518,usa,justice
impeachment delay,517,usa,impeachment
indians,515,usa,
prostitutes,515,,sex
andrew weissmann,514,usa,justice
indonesia,514,,fp-indonesia
zionism,514,,jews
climate policy,511,,cc
kirk douglas,509,usa,
truth bombs,509,usa,
gun confiscation,508,usa,gun control
immigration system,506,,immigration
impeachment resolution,504,usa,impeachment
security threat,504,usa,
gun violence,503,usa,gun control
martha mcsally,502,usa,republican
bill maher,500,usa,left-media
ca,500,usa,
joaquin phoenix,496,usa,actor
john huber,496,usa,democrat
climate change activists,495,,cc
tax cut,492,usa,spending
fbi christopher wray,491,usa,fbi
minneapolis,491,usa,
biafra,491,,fp-africa
dianne feinstein,489,usa,democrat
weaponization,487,,russia
san juan,486,usa,PuertoRico
roger scruton,485,uk,conservative
mr. trump,485,usa,trump
kuwait,481,,fp-me
sex offences,480,,sex
manu raju,478,usa,left-media
homeland security,477,usa,defense
pregnancy,477,,family
german,471,germany,germany
tokyo,471,usa,fp-japan
house judiciary,470,usa,justice
khomeini,467,usa,fp-iran
sudan,466,,fp-sudan
scott presler,465,usa,
sotu speech,464,usa,trump
glenn greenwald,463,usa,journalist
income tax,462,usa,spending
knife crime,462,,crime
sham impeachment process,461,usa,impeachment
lindsay graham,459,usa,republican
usman khan,457,uk,terror
impeachment investigations,457,usa,impeachment
ben rhodes,456,usa,democrat
abuse report,455,,crime
labour activist,454,uk,labour
brexit,451,uk,brexit
jo swinson,450,uk,libdems
battleground states,450,usa,elections
carbon footprint,450,,cc
homosexuality,450,,lgbt
impeachment abuse,448,usa,impeachment
senate impeachment,448,usa,impeachment
impeachment power,445,usa,impeachment
salvation army,445,usa,
hebrew israelites,443,,jews
stephen miller,442,usa,trump
oxygen,441,,cc
mcdonnell,440,usa,defense
impeachment markup,440,usa,impeachment
climate alarmists,440,,cc
cia officer,438,usa,intelligence
bader ginsburg,438,usa,justice
child abuse,437,usa,child-abuse
alyssa milano,435,usa,actress
nebraska,435,usa,
alexander hamilton,434,usa,
regime change,432,,conflict
oligarchs,431,,russia
greg gutfeld,430,usa,journalist
maharashtra,430,,fp-india
john dingell,429,usa,democrat
ron johnson,427,usa,republican
asians,427,,fp-asia
sexuality,427,,sex
immigration laws,426,,immigration
brian terry,425,usa,immigration 
mccarthyism,424,usa,
starvation,424,,poverty
impeachment drama,423,usa,impeachment
singapore,423,,fp-singapore
health plans,423,,health
donald john trump,421,usa,trump
richmond virginia,421,usa,
citizen journalist,421,usa,
margaret thatcher,420,uk,conservative
george kent,420,usa,democrat
prostitute,420,,sex
environmentalists,419,,cc
alexander vindman,418,usa,intelligence
liz cheney,418,usa,republican
cameron,417,uk,conservative
bombing,417,,terrorism
press freedom,414,,human-rights
deutsche,413,germany,germany
virginias,413,usa,
wall street journal story,413,usa,
senator issues,413,usa,
paul pelosi,410,usa,democrat
amendment sanctuaries,408,usa,immigration 
brian stelter,408,usa,left-media
trump campaign,408,usa,trump
michael mukasey,407,usa,justice
sham impeachment trial,406,usa,impeachment
lindsay hoyle,405,uk,labour
andrew cuomo,405,usa,democrat
gun control bills,404,usa,gun control
education policies,404,,education
impeachment debate,403,usa,impeachment
sex offender,403,,sex
brandon brown,402,usa,sports
climate change hoax,402,,cc
sex trafficking equivalent,402,,sex
dominic raab,401,uk,conservative
james baker,401,usa,republican
veronica escobar,400,usa,democrat
senate votes,400,usa,
palmvalley,400,usa,
palm valley,400,usa,
jack dorsey,399,usa,media
night house judiciary chairman,398,usa,justice
page fisa warrant,396,usa,fbi
unionists,395,usa,
argentina,394,usa,fp-southamerica
jamaica,394,usa,fp-southamerica
banana republic,394,usa,
bailout,393,,justice
page fisa application,392,usa,fbi
paul mason,391,uk,journalist
labour candidate,391,uk,labour
andy mccabe,390,usa,justice
mercenaries,390,,conflict
impeachment efforts,389,usa,impeachment
fda,388,usa,
calais,386,france,france
sanders iowa,386,usa,democrat
atlantic,386,usa,
cadillac,386,usa,
swing districts,385,usa,elections
jim cramer,385,usa,media
day president trump,385,usa,trump
congressional,385,usa,
puerto rican,385,usa,
laura kuenssberg,384,uk,journalist
antifa,384,usa,left-media
impeachment committee,383,usa,impeachment
mucarsel-powell,382,usa,democrat
wasserman schultz,381,usa,democrat
maga,380,usa,
epa,379,usa,
whitehouse,378,usa,trump
barcelona,377,spain,spain
barack hussein obama,377,usa,democrat
fidel castro,377,usa,fp-cuba
guardian,376,uk,media
james biden,376,usa,democrat
border wall funding,376,usa,immigration 
gingrich,376,usa,republican
yale,376,usa,
snp,374,uk,snp
scot,374,uk,
dem/socialists,374,usa,democrat
marianne williamson,374,usa,left-media
munich,372,germany,germany
plymouth,372,uk,
calgary,371,usa,
handgun,370,usa,gun control
oakland,370,usa,
immigration policies,370,,immigration
estonia,369,estonia,estonia
larry kudlow,369,usa,fed
impeachment lawyer,369,usa,impeachment
joy behar,369,usa,left-media
bbcs,368,uk,
biden-ukraine,368,usa,impeachment
libdems,367,uk,libdems
foundation whistleblowers,367,usa,
benjamin netanyahu,367,,fp-israel
democrat rivals,366,usa,democrat
chinese,365,usa,fp-china
nick sandman,365,usa,gun control
euros,364,eu,economy
hancock,364,usa,
joe lockhart,362,usa,democrat
john mcguire,362,usa,republican
non-muslims,362,,islam
kosovo,361,eu,balkans
cornwall,361,uk,
impeachment testimony,361,usa,impeachment
terror group,361,,terrorism
david hogg,360,usa,gun control
chris williamson,359,uk,labour
impeachment fiasco,357,usa,impeachment
richard nixon,357,usa,republican
election fraud,355,usa,elections
costa rica,355,usa,fp-southamerica
bronx,355,usa,
food stamp rule,355,,poverty
john podesta,354,usa,democrat
border patrol,353,usa,immigration 
impeachment thing,353,usa,impeachment
debbie wasserman schultz,351,usa,democrat
nick fuentes,351,usa,far-right
hanoi jane,351,usa,left-media
miliband,350,uk,labour
presidents side,350,usa,trump
swamp mistress,350,usa,
tripoli,350,,fp-libya
president pence,349,usa,republican
scale joint investigation,349,usa,
marshall,349,usa,
climate activists,349,,cc
lawrence vandyke,348,usa,justice
jeff zucker,348,usa,left-media
impeachment questions,347,usa,impeachment
sally yates,347,usa,justice
chris cuomo,347,usa,left-media
megan rapinoe,347,usa,sports
prince charles,346,uk,royalty
whitehall,346,uk,
gutfeld,346,usa,cons-media
dow jones,346,usa,economy
impeachment poll numbers,346,usa,impeachment
terror chief,346,,terrorism
sara carter,345,usa,music
leicester,344,uk,
jon voight,344,usa,actor
washington d.c.,344,usa,
cleveland,344,usa,
ethiopia,344,,fp-ethiopia
lisa murkowski,343,usa,republican
arlington,343,usa,
rosemont seneca,343,usa,
medvedev,343,,russia
joe rogan,342,usa,comedian
stephanie grisham,342,usa,trump
gary sinise,341,usa,actor
liz warren,341,usa,democrat
tea party,341,usa,republican
belfast,340,uk,
joe scarborough,340,usa,left-media
swing states,339,usa,elections
kevin clinesmith,339,usa,fbi
pipelines,338,eu,NS2
philip schofield,338,uk,tv
peta,337,usa,animals
cramer,337,usa,media
mike pence,337,usa,trump
henderson,337,usa,
conor mcgregor,336,uk,sports
imf,336,usa,economy
impeachment gambit,336,usa,impeachment
prague,335,czech,czech
barry berke,334,usa,justice
valerie jarrett,333,usa,democrat
ben mcadams,333,usa,democrat
jared kushner,333,usa,trump
nottingham,333,usa,
wales,332,uk,
trump rally,332,usa,trump
healthcare system,332,,health
obama/biden,331,usa,democrat
elvis presley,331,usa,music
time democrats,330,usa,democrat
l.a.,330,usa,
communist democrat party,329,usa,democrat
robert obrien,328,usa,intelligence
john kennedy,327,usa,democrat
korean,326,usa,fp-korea
matt gaetz,325,usa,republican
californians,325,usa,segment
#china,324,usa,fp-china
kyiv,324,usa,fp-ukraine
nashville,324,usa,
kfc,324,usa,
dennis skinner,323,uk,labour
sheila jackson lee,323,usa,democrat
steyer,323,usa,democrat
401k,323,usa,economy
gun ownership,323,usa,gun control
sarah sanders,323,usa,trump
catalonia,322,spain,spain
newcastle,322,uk,
#flynn,322,usa,intelligence
polish,321,poland,poland
huddersfield,321,uk,
glenn beck,321,usa,cons-media
democracies,321,usa,elections
nellie ohr,321,usa,russia
environmentalist regulations,321,,cc
europeans,320,eu,eu
ash sarkar,320,uk,journalist 
peter schweizer,320,usa,journalist
fox news,319,usa,cons-media
rules committee democrats,319,usa,democrat
swamp medias cover-up,319,usa,media
arab,319,,islam
leftie,318,usa,democrat
mass shootings,318,usa,gun control
howard stern,318,usa,radio
jeffery epstein,317,usa,child-abuse
gaetz,317,usa,republican
climate hoax,317,,cc
freshmen democrats,316,usa,democrat
calif,316,usa,
race war,316,,race
george carlin,315,usa,comedian
freshman democrat,315,usa,democrat
travel ban,314,usa,muslims
carly fiorina,314,usa,republican
knight,313,uk,
debbie mucarsel-powell,313,usa,democrat
huntington,313,usa,
shadow cabinet,312,uk,
doug jones,312,usa,democrat
john dean,312,usa,republican
u.k.,310,uk,
mr. nadler,310,usa,democrat
president trump signs,310,usa,trump
hebron,310,,fp-israel
james rosen,309,usa,cons-media
obama doj,309,usa,democrat
gun ban,309,usa,gun control
doj official,309,usa,justice
gervais,308,uk,comedian
deplorables,308,usa,democrat
trump wall,308,usa,immigration 
attkisson,308,usa,journalist
shores,308,,cc
barry soetoro,307,usa,democrat
impeachment article,307,usa,impeachment
samaritans,307,usa,
co2,307,,cc
serbia,306,eu,balkans
nnamdi kanu,305,uk,activist
oldham,305,uk,
party mep,305,uk,
nick robinson,305,usa,actor
mark galli,305,usa,author
kazakhs,305,,fp-kazakhstan
grimsby,304,uk,
freddie,304,usa,music
wyoming,304,usa,
carbon emissions,304,,cc
peston,303,uk,
jonathan winer,303,usa,dos
page fisa applications,303,usa,fbi
uxbridge,302,uk,
slotkin,302,usa,democrat
mr. flynn,302,usa,intelligence
charleston,302,usa,supremacist 
osama,302,usa,terrorism
rahul gandhi,302,,fp-india
term abortion,301,usa,abortion
shepard smith,301,usa,cons-media
patrol agents,301,usa,immigration
rafiekian,301,usa,republican
keith vaz,300,uk,labour
war veteran,300,usa,defense
berkeley,300,usa,
greenpeace,300,,env
karnataka,300,,fp-india
assam,299,,fp-india
nathan phillips,298,usa,activist
lee zeldin,298,usa,republican
terror attack,298,,terrorism
greenland,297,denmark,denmark
james o'keefe,297,usa,activist
gwyneth paltrow,297,usa,actress
hannity,297,usa,cons-media
sheila jackson,297,usa,democrat
impeachment argument,297,usa,impeachment
snerdley,297,usa,
labour mp,296,uk,labour
john carlin,296,usa,democrat
impeachment coverage,296,usa,impeachment
beto,296,usa,
#benghazi,296,,fp-libya
romania,295,romania,romania
louis farrakhan,295,usa,activist
maggie oliver,294,uk,justice
debbie lesko,293,usa,republican
lou dobbs,292,usa,cons-media
martha maccallum,292,usa,cons-media
impeachment crusade,292,usa,impeachment
impeachment bs,292,usa,impeachment
impeachment video,292,usa,impeachment
gujarat,292,,fp-india
michelle malkin,291,usa,cons-media
megan markle,290,uk,royalty
anthony weiner,290,usa,democrat
house impeachment process,290,usa,impeachment
elton john,290,usa,music
athens,289,greece,greece
yvette cooper,289,uk,labour
abortionist,289,usa,abortion
obamas fbi,289,usa,fbi
sham #impeachment,289,usa,impeachment
trumps,289,usa,trump
james arthur,288,uk,singer 
impeachment defense team,288,usa,impeachment
myanmar,288,,fp-burma
beirut,288,,fp-me
virus outbreak,288,,health
venice,287,italy,italy
maastricht,287,netherlands,netherlands
impeachment/coup,287,usa,impeachment
milton keynes,286,uk,
obamas iran,286,usa,fp-iran
lutsenko,286,usa,fp-ukraine
tom watson,286,usa,sports
george galloway,285,uk,labour
wall street journal,285,usa,cons-media
mcgovern,285,usa,democrat
james carville,285,usa,democrat
impeachment debacle,285,usa,impeachment
san antonio,285,usa,
geraldo rivera,284,usa,cons-media
hebrew,284,,fp-israel
kgb,284,,russia
steve hilton,283,uk,conservative
mr horowitz,283,usa,democrat
azz,283,usa,
nazism,283,,nazism
lran john kerry,282,usa,fp-iran
jeb,282,usa,republican
orlando,282,usa,
brighton,282,usa,
sabato,282,usa,
jess philips,281,uk,labour
circuit court judges,281,usa,justice
turkeys,281,,fp-turkey
tucson,280,usa,
robert conrad,279,usa,actor
mr. berke,279,usa,justice
iain duncan smith,278,uk,conservative
gary neville,278,uk,sports
robert ray,278,usa,democrat
laura loomer-laura loomer,278,usa,far-right
hillary rodham clinton,277,usa,democrat
harry reid,277,usa,democrat
treasury secretary,277,usa,economy
kate middleton,276,uk,royalty
islington,276,uk,
george orwell,276,uk,
jinnah,276,,fp-pakistan
tim morrison,275,usa,republican
london,274,uk,
#schiff,274,usa,democrat
kirsten gillibrand,274,usa,democrat
democrats impeachment sham,274,usa,impeachment
paul pelosi jr.,274,usa,
bladen,274,usa,
geneva,273,switzerland,switzerland
andres manuel,273,usa,fp-mexico
tessa,273,usa,
armenian,273,,fp-armenia
normandy,272,france,france
nicky morgan,272,uk,conservative
impeachment announcement,272,usa,impeachment
pittsburgh,272,usa,
abraham,272,usa,
duval,272,usa,
winston churchill,271,uk,
impeachment narrative,271,usa,impeachment
mn,271,usa,
lisa nandy,270,uk,labour
at&t,270,usa,
jim baker,269,usa,evangelical
abby huntsman,269,usa,republican
lsu-clemson,269,usa,
adolf hitler,269,,nazism
russia russia russia,269,,russia
churchill,268,uk,
salford,268,uk,
jerrold nadler,268,usa,democrat
edgar hoover,268,usa,republican
usda,268,usa,
brandon van,268,usa,
bacc,268,usa,
jane fonda,267,usa,actress
cortez,267,usa,democrat
barack,267,usa,democrat
impeachment prosecutors,267,usa,impeachment
dakota,267,usa,
quinnipiac,267,usa,
gun grabbers,266,usa,gun control
malcolm,266,usa,race
penguin,266,,cc
whale,266,,cc
windsor,265,uk,
suleimani,265,usa,fp-iran
rasmussen,264,uk,
nafta,264,usa,fp-mexico
democrats sham impeachment,264,usa,impeachment
brexiteer,263,uk,brexit
kurds,263,usa,fp-me
euro,262,eu,economy
commander-in-chiefs trophy,262,usa,
hackney,261,uk,
michelle obamas,261,usa,democrat
democrats impeachment case,261,usa,impeachment
strzok-page docs,261,usa,russia
terror threat,261,,terrorism
democrat support,260,usa,democrat
johnson-harrell,260,usa,democrat
fisa power,260,usa,fbi
uranium scandal,260,usa,russia
world trade center,260,usa,terrorism
situation room,260,usa,trump
mike johnson,259,usa,republican
uni,259,usa,
cincinnati,259,usa,
jewish,258,,jews
bercow,257,uk,
senate race,257,usa,elections
states congress,257,usa,
attention patriots,257,usa,
beaches,257,,cc
jon ashworth,256,uk,labour
ken loach,256,uk,labour
louella thompson,256,usa,democrat
impeachment scheme,256,usa,impeachment
josh roberts,256,usa,sports
mile sea wall,256,usa,
hyderabad,256,,fp-india
matt hancock,253,uk,conservative
jihadist,253,usa,terrorism
youngsters,253,usa,youth
house meeting,253,usa,
george bush,252,usa,republican
baloney,252,usa,
tobacco,252,usa,
st. louis,252,usa,
speech today,252,usa,
e.u.,251,eu,eu
election time,251,usa,elections
house democrats impeachment,250,usa,impeachment
intelligence briefing,250,usa,intelligence
rednecks,250,usa,
signs phase,250,usa,
ingraham,249,usa,cons-media
election coverage,249,usa,elections
saudi arabian,249,usa,fp-me
mr johnson,249,usa,
thomas jefferson,249,usa,
cameraman,249,usa,
citizenship law,248,usa,immigration 
salvo,248,usa,
american patriots,248,usa,
dems impeachment,247,usa,impeachment
impeachment week,247,usa,impeachment
dollar government contract,247,usa,spending
abraham lincoln,247,usa,
tech elites,247,usa,
#christmas,246,usa,christian
blumenthal,246,usa,democrat
shanghai,246,usa,fp-china
immigration policy,246,usa,immigration 
house chairman,246,usa,
loyalists,246,usa,
disposition,246,usa,
policy record,246,usa,
leadership election,246,,election
nigerian,246,,fp-nigeria
billionaire pedophile,245,usa,child-abuse
child porn,244,usa,child-abuse
leadership campaign,244,usa,
david duke,243,usa,far-right
gun-toting,243,usa,gun control
diagnosis,243,usa,
project fear,242,uk,
jeanine pirro,242,usa,cons-media
world series,242,usa,sports
corruption cases,242,,corruption
ben carson,241,usa,republican
nations capital,241,usa,
pride flag,241,usa,
sharia law,241,,islam
eisenhower,240,usa,republican
service deputy assistant director,240,usa,
labour members,239,uk,labour
david attenborough,239,uk,media
kurdistan,239,usa,fp-me
street journal editorial,239,usa,
magnitude earthquake,239,,cc
climate science,239,,cc
sect,239,,fp-me
menorah,239,,jews
dan bongino,238,usa,cons-media
david skaggs,238,usa,democrat
matt cartwright,238,usa,democrat
anthony ornato,238,usa,trump
victim card,236,usa,
cooling,236,,cc
educators,235,,education
chad,235,,fp-africa
michael rogers,234,usa,intelligence
zac goldsmith,234,usa,
equifax,234,usa,
david cameron,233,uk,conservative
midlands,233,usa,
democrats today,232,usa,democrat
devon archer,232,usa,fp-ukraine
peter navarro,231,usa,republican
health crisis,231,,health
media mob,231,,media
gwyneth,230,usa,actress
state funeral,230,usa,
reasons house,230,usa,
community standards,230,usa,
smackdown,228,usa,tv
#vaccine,228,,health
perth,227,usa,
mosul,226,usa,fp-me
nicholas sandmann,226,usa,gun control
alan johnson,225,uk,labour
josh gottheimer,225,usa,democrat
gun ranges,225,usa,gun control
impeachment fraud,225,usa,impeachment
disney,225,usa,
lofgren,224,usa,democrat
strzok-page emails,224,usa,fbi
college kids,224,usa,youth
mikie sherrill,223,usa,democrat
gun-rights rally,223,usa,gun control
freedom day,222,usa,
andrew breitbart,221,usa,far-right
mick mulvaney,221,usa,republican
kevin brady,221,usa,republican
hopkins,220,usa,
albuquerque,220,usa,
labour leadership race,219,uk,labour
lead impeachment manager,219,usa,impeachment
ammendment,219,usa,justice
apartheid state,219,,fp-israel
florence,218,italy,italy
impeachment yesterday,218,usa,impeachment
roger williams,217,usa,christian
impeachment support,217,usa,impeachment
nyt,217,usa,left-media
ken livingstone,216,uk,labour
john wayne,216,usa,actor
america god,216,usa,christian
democrats vow,216,usa,democrat
impeachment expert,216,usa,impeachment
european,215,eu,europe
ken clarke,215,uk,conservative
australian,215,uk,fp-australia
shapiro,215,usa,cons-media
#auschwitz,215,,jews
labour member,214,uk,labour
usc,214,usa,
girl scout,214,usa,
vladimir,214,,russia
southampton,213,uk,
dr. martin luther king jr.,213,usa,race
karl marx,213,,marxism
post-brexit,212,uk,
parliament today,212,uk,
impeachment counsel,212,usa,impeachment
stomach-turning impeachment charade damages,212,usa,impeachment
virgina,212,usa,
usa usa,212,usa,
bahrain,212,,fp-me
terry jones,211,uk,actor
democrat caucus,211,usa,democrat
impeachment battle,211,usa,impeachment
john james,211,usa,republican
chris keating,211,usa,sports
coast guard,211,usa,uscg
honolulu,211,usa,
labour manifesto,210,uk,labour
trade relations,210,usa,fp-china
angeles,210,usa,
eamonn holmes,209,uk,journalist 
john cusack,209,usa,actor
nigga,209,usa,race
lee smith,209,usa,sports
uprisings,209,,protest
house minority leader,208,usa,democrat
obama-appointed,208,usa,democrat
assault weapons ban,208,usa,gun control
democrats impeachment hoax,208,usa,impeachment
tom homan,208,usa,justice
senate committee,208,usa,
states senator,208,usa,
michael goodwin,208,usa,
patton oswalt,207,usa,comedian
impeachment notes,207,usa,impeachment
race-baiting,207,usa,race
marsha blackburn,207,usa,republican
chris pappas,206,usa,democrat
kushner,206,usa,trump
house hearings,206,usa,
wrexham,205,uk,
bolivian,205,usa,fp-southamerica
john harwood,205,usa,left-media
john carter,205,usa,
labour voter,204,uk,labour
gary lineker,204,uk,sports
katie hill,204,usa,democrat
chris stevens,204,usa,democrat
democrat standarddo,204,usa,democrat
ice detainer,204,usa,immigration 
scam impeachment,204,usa,impeachment
doj/state,204,usa,justice
rochester,204,usa,
states government,204,usa,
anti semite,204,,jews
#eu,203,eu,eu
dutch,203,netherlands,netherlands
labour party members,203,uk,labour
frank biden,203,usa,democrat
impeachment theater,203,usa,impeachment
circuit judges,203,usa,justice
haley,203,usa,republican
samoa,203,usa,
kate hoey,202,uk,labour
poisoning,202,uk,skripal
rachel riley,202,uk,tv
jessie liu,202,usa,justice
labour movement,201,uk,labour
unionist,201,uk,
sas,201,uk,
farrakhan,201,usa,activist
tom hanks,201,usa,actor
marine corp vet,201,usa,defense
pearl harbor remembrance day,201,usa,
american heroes,201,usa,
copenhagen,200,denmark,denmark
cedric richmond,200,usa,democrat
perjury trap,200,usa,
thomas paine,200,usa,
orgeron,200,usa,
andy burnham,199,uk,labour
meghan markles,199,uk,royalty
tom ohalleran,199,usa,democrat
brzezinski,199,usa,democrat
pravda,199,,russia
trump obama,198,usa,democrat
hudson,198,usa,
enemy media,198,usa,
pete hegseth,197,usa,republican
jeffrey toobin,196,usa,left-media
border wall system,195,usa,immigration 
years president trump,195,usa,trump
habitat,195,,cc
climate experts,195,,cc
amsterdam,194,netherlands,netherlands
ben collins,194,uk,sports
knife stabbings,194,uk,terror
pelosi/schiff/nadler,194,usa,democrat
aliens democrats,194,usa,democrat
concealed,194,usa,gun control
impeachment train,194,usa,impeachment
hoax impeachment,194,usa,impeachment
maggie haberman,194,usa,left-media
az,194,usa,
climate alarmism,194,,cc
albania,193,eu,balkans
kevin spacey,193,usa,actor
noam chomsky,193,usa,
anti-trump,193,usa,
virginias capitol,193,usa,
victoria derbyshire,192,uk,journalist 
bob menendez,192,usa,democrat
gun sanctuaries,192,usa,gun control
roosevelt,192,usa,
fedex,192,usa,
air pollution,192,,cc
edward snowden,191,usa,russia
coal plants,191,,cc
ross kemp,190,uk,actor
nick ferrari,190,uk,tv
paul begala,190,usa,democrat
climate deal,190,,cc
sherlock,189,uk,
robert powell,188,uk,actor 
jennifer rubin,188,usa,cons-media
polluters,188,,cc
debbie wasserman,187,usa,democrat
house impeachment effort,187,usa,impeachment
nypd officers,187,usa,justice
koch,187,usa,
impeachment today,186,usa,impeachment
gen flynn,186,usa,intelligence
jamal khashoggi,186,,fp-me
joan collins,185,uk,labour
robert maxwell,185,uk,media
derbyshire,185,uk,
john lewis,185,usa,democrat
salvador,185,usa,fp-southamerica
georgetown,185,usa,
libtard,185,usa,
qaddafi,185,,fp-libya
niggas,184,usa,race
lives matter,184,usa,race
capitol building,184,usa,
acid rain,184,,cc
labour party leader,183,uk,labour
north korea,183,,fp-korea
college republicans,183,usa,republican
john maynard keynes,183,usa,
tony benn,182,uk,labour
espn,182,usa,sports
andrew johnson,182,usa,
jfk jr.,182,usa,
senate acquittal,182,usa,
jonathan ashworth,181,uk,labour
labour results,181,uk,labour
essex,181,uk,
#obama,181,usa,democrat
democrats demise,181,usa,democrat
iran obama,181,usa,fp-iran
impeachment theory,181,usa,impeachment
libtards,181,usa,
chilean,180,usa,fp-southamerica
albany,180,usa,
realdonaldtrump,1000,usa,
therightmelissa,1000,usa,
spygate,1000,usa,
obamagate,1000,usa,
riggedit,1000,usa,
saveamerica,1000,usa,
unitednotdivied,1000,usa,
wakeupamerica,1000,usa,
auspol,1000,eu,
flynnfighters,1000,usa,
adjunctprofssr,1000,usa,
patriotsawakened,1000,usa,
princelouis,1000,uk,
princegeorge,1000,uk,
duchessofcambridge,1000,uk,
princessofcharlotte,1000,uk,
britons,1000,uk,
2ndamendment,1000,usa,
2a,1000,usa,
borisjohnson,1000,uk,
Anti-gun,1000,usa,
