Phrase,Freq,Country,#hashtag,Synonyms
prague,335,czech ,czech ,FP-EU
denmark,1207,denmark,denmark,FP-EU
greenland,297,denmark,denmark,FP-EU
copenhagen,200,denmark,denmark,FP-EU
estonia,369,estonia,estonia,FP-EU
austria,639,eu,austria,FP-EU
kosovo,361,eu,fp-kosovo,FP-Balkans
serbia,306,eu,fp-serbia,FP-Balkans
albania,193,eu,fp-albania,FP-Balkans
belgium,1063,eu,belgium,FP-EU
withdrawal agreement bill,861,eu,brexit,
vatican,945,eu,catholics,
catholics,865,eu,catholics,
euros,364,eu,economy,FP-EU
euro,262,eu,economy,FP-EU
eu,30347,eu,eu,FP-EU
europe,9652,eu,eu,FP-EU
brussels,4097,eu,eu,FP-EU
europeans,320,eu,eu,FP-EU
e.u.,251,eu,eu,FP-EU
european,215,eu,eu,FP-EU
#eu,203,eu,eu,FP-EU
eu-mandated,146,eu,eu,FP-EU
euro project,140,eu,eu,FP-EU
greece,1449,eu,fp-greece,FP-EU
athens,289,eu,fp-greece,FP-EU
germany,8038,eu,germany,FP-EU
merkel,1438,eu,germany,FP-EU
berlin,1273,eu,germany,FP-EU
german,471,eu,germany,FP-EU
deutsche,413,eu,germany,FP-EU
munich,372,eu,germany,FP-EU
hanau,116,eu,germany,FP-EU
italy,3003,eu,italy,FP-EU
rome,1085,eu,italy,FP-EU
venice,287,eu,italy,FP-EU
florence,218,eu,italy,FP-EU
pipelines,338,eu,NS2,FP-EU
poland,1928,eu,poland,FP-EU
polish,321,eu,poland,FP-EU
polish border,294,eu,poland,FP-EU
portugal,553,eu,portugal,FP-EU
romania,295,eu,romania,FP-EU
slovakia,146,eu,slovakia,FP-EU
soros,1254,eu,soros,
spain,1793,eu,spain,FP-EU
spanish,821,eu,spain,FP-EU
barcelona,377,eu,spain,FP-EU
catalonia,322,eu,spain,FP-EU
finland,832,finland,finland,FP-EU
france,13130,france,france,FP-EU
paris,4924,france,france,FP-EU
macron,820,france,france,FP-EU
strasbourg,699,france,france,FP-EU
french,649,france,france,FP-EU
emmanuel macron,563,france,france,FP-EU
calais,386,france,france,FP-EU
michael valls,277,france,france,FP-EU
normandy,272,france,france,FP-EU
#yellowvest,39,france,france,FP-EU
hungary,927,hungary,hungary,FP-EU
budapest,781,hungary,hungary,FP-EU
latvia,791,latvia,latvia,FP-EU
shell,1363,netherlands,netherlands,FP-EU
netherlands,980,netherlands,netherlands,FP-EU
maastricht,287,netherlands,netherlands,FP-EU
dutch,203,netherlands,netherlands,FP-EU
amsterdam,194,netherlands,netherlands,FP-EU
norway,1214,norway,norway,FP-EU
sweden,7828,sweden,sweden,FP-EU
stockholm,999,sweden,sweden,FP-EU
swedes,749,sweden,sweden,FP-EU
switzerland,2136,switzerland,switzerland,
geneva,273,switzerland,switzerland,
nnamdi kanu,305,uk,activist,
gina miller,1080,uk,activist ,
terry jones,211,uk,actor,
ross kemp,190,uk,actor,
robert powell,188,uk,actor ,
rowling,915,uk,author,
nigel farage,2103,uk,brexit,farage
nigel,1760,uk,brexit,farage
withdrawal agreement,1250,uk,brexit,
brexit,451,uk,brexit,
brexiteer,263,uk,brexit,
ricky gervais,1563,uk,comedian,
gervais,308,uk,comedian,
boris,25799,uk,conservatives,johnson
boris johnson,23410,uk,conservatives,johnson
conservatives,17244,uk,conservatives,
johnson,10044,uk,conservatives,johnson
tory,3067,uk,conservatives,
john bercow,1980,uk,conservatives,
boris johnsons,1659,uk,conservatives,johnson
tories,1463,uk,conservatives,
thatcher,1133,uk,conservatives,thatcher
tory party,920,uk,conservatives,
mark francois,553,uk,conservatives,
roger scruton,485,uk,conservatives,
margaret thatcher,420,uk,conservatives,thatcher
cameron,417,uk,conservatives,
dominic raab,401,uk,conservatives,
steve hilton,283,uk,conservatives,
iain duncan smith,278,uk,conservatives,
nicky morgan,272,uk,conservatives,
matt hancock,253,uk,conservatives,
david cameron,233,uk,conservatives,
ken clarke,215,uk,conservatives,
katie hopkins,757,uk,cons-media,
austerity,1972,uk,economy,
pounds,1526,uk,economy,
referendum,6247,uk,election,
tommy robinson,2039,uk,far-right,robinson
scott morrison,835,uk,fp-australia,
australian,215,uk,fp-australia,
nhs,1794,uk,health,
christopher steele,2415,uk,intel,
owen,2633,uk,journalist,
owen jones,1165,uk,journalist,
paul mason,391,uk,journalist,
laura kuenssberg,384,uk,journalist,
andrew neil,1481,uk,journalist ,
brendan oneill,1304,uk,journalist ,
ash sarkar,320,uk,journalist ,
eamonn holmes,209,uk,journalist ,
victoria derbyshire,192,uk,journalist ,
maggie oliver,294,uk,justice,
labour,32173,uk,labour,
jeremy corbyn,11480,uk,labour,corbyn
labour party,9206,uk,labour,
jeremy,7059,uk,labour,corbyn
jess phillips,2799,uk,labour,phillips
blair,2331,uk,labour,blair
corbyn,2228,uk,labour,corbyn
emily thornberry,2215,uk,labour,thornberry
keir starmer,1660,uk,labour,starmer
labor,1651,uk,labour,
labour leader,1541,uk,labour,
sadiq khan,1371,uk,labour,khan
diane abbott,1320,uk,labour,abbott
tony blair,1299,uk,labour,blair
labour government,1092,uk,labour,
clive lewis,1069,uk,labour,lewis
labour mps,917,uk,labour,
john mcdonnell,916,uk,labour,
angela rayner,889,uk,labour,
richard burgon,711,uk,labour,
david lammy,697,uk,labour,
barry gardiner,537,uk,labour,
labour activist,454,uk,labour,
lindsay hoyle,405,uk,labour,
labour candidate,391,uk,labour,
chris williamson,359,uk,labour,
miliband,350,uk,labour,
dennis skinner,323,uk,labour,
keith vaz,300,uk,labour,
labour mp,296,uk,labour,
yvette cooper,289,uk,labour,
george galloway,285,uk,labour,
jess philips,281,uk,labour,
lisa nandy,270,uk,labour,
jon ashworth,256,uk,labour,
ken loach,256,uk,labour,
labour members,239,uk,labour,
alan johnson,225,uk,labour,
labour leadership race,219,uk,labour,
ken livingstone,216,uk,labour,
labour member,214,uk,labour,
labour manifesto,210,uk,labour,
labour voter,204,uk,labour,
labour party members,203,uk,labour,
kate hoey,202,uk,labour,
labour movement,201,uk,labour,
andy burnham,199,uk,labour,
joan collins,185,uk,labour,
labour party leader,183,uk,labour,
tony benn,182,uk,labour,
jonathan ashworth,181,uk,labour,
labour results,181,uk,labour,
swinson,1459,uk,libdems,swinson
jo swinson,450,uk,libdems,swinson
libdems,367,uk,libdems,
sky,2357,uk,media,
bbc,1554,uk,media,
guardian,376,uk,media,
david attenborough,239,uk,media,
robert maxwell,185,uk,media,
harry,17792,uk,royalty,harry
meghan,15627,uk,royalty,meghan
queen,7563,uk,royalty,queen
meghan markle,6199,uk,royalty,meghan
duchess,2558,uk,royalty,
william,2542,uk,royalty,william
charles,2535,uk,royalty,charles
prince,1830,uk,royalty,
monarchy,1613,uk,royalty,
prince harry,1542,uk,royalty,harry
royals,1397,uk,royalty,
crown,976,uk,royalty,
buckingham,872,uk,royalty,
royalty,723,uk,royalty,
prince charles,346,uk,royalty,charles
megan markle,290,uk,royalty,meghan
kate middleton,276,uk,royalty,
meghan markles,199,uk,royalty,meghan
prince-formerly-known-as-harry,85,uk,royalty,
lily allen,688,uk,singer ,
james arthur,288,uk,singer ,
poisoning,202,uk,skripal,
sturgeon,1030,uk,snp,sturgeon
snp,374,uk,snp,
conor mcgregor,336,uk,sports,
gary neville,278,uk,sports,
gary lineker,204,uk,sports,
ben collins,194,uk,sports,
usman khan,457,uk,terror,
knife stabbings,194,uk,terror,
knife,1854,uk,terrorism,
philip schofield,338,uk,tv,
rachel riley,202,uk,tv,
nick ferrari,190,uk,tv,
britain,17327,uk,,
london,15888,uk,,
parliament,12686,uk,,
scotland,10866,uk,,
quid,10183,uk,,
england,6539,uk,,
manchester,5330,uk,,
ireland,4937,uk,,
uk,4877,uk,,
lord,4524,uk,,
kingdom,4024,uk,,
rotherham,2761,uk,,
westminster,1993,uk,,
cambridge,1950,uk,,
mp,1895,uk,,
brits,1874,uk,,
sussex,1675,uk,,
arse,1601,uk,,
english,1599,uk,,
scots,1323,uk,,
peerage,1308,uk,,
glasgow,1293,uk,,
leeds,1270,uk,,
birmingham,1270,uk,,
yorkshire,1247,uk,,
commonwealth,1197,uk,,
liverpool,1058,uk,,
bloke,1012,uk,,
rochdale,992,uk,,
hrh,985,uk,,
britons,848,uk,,
home secretary,788,uk,,
telford,787,uk,,
chelsea,743,uk,,
oxford,617,uk,,
british,579,uk,,
dublin,540,uk,,
cardiff,539,uk,,
blyth,536,uk,,
edinburgh,529,uk,,
scot,374,uk,,
bbcs,368,uk,,
cornwall,361,uk,,
whitehall,346,uk,,
leicester,344,uk,,
belfast,340,uk,,
wales,332,uk,,
newcastle,322,uk,,
huddersfield,321,uk,,
knight,313,uk,,
shadow cabinet,312,uk,,
u.k.,310,uk,,
oldham,305,uk,,
party mep,305,uk,,
grimsby,304,uk,,
peston,303,uk,,
uxbridge,302,uk,,
milton keynes,286,uk,,
islington,276,uk,,
george orwell,276,uk,,
london,274,uk,,
winston churchill,271,uk,,
churchill,268,uk,,
salford,268,uk,,
windsor,265,uk,,
rasmussen,264,uk,,
hackney,261,uk,,
bercow,257,uk,,
project fear,242,uk,,
southampton,213,uk,,
post-brexit,212,uk,,
parliament today,212,uk,,
wrexham,205,uk,,
unionist,201,uk,,
sas,201,uk,,
sherlock,189,uk,,
derbyshire,185,uk,,
essex,181,uk,,
home office boss,136,uk,,
home office worker,134,uk,,
philip rutman,124,uk,,
andrew sabisky,123,uk,,
abortion,9230,usa,abortion,
abortions,3032,usa,abortion,
parenthood,2993,usa,abortion,
term abortion,301,usa,abortion,
abortionist,289,usa,abortion,
abortion fanatic,195,usa,abortion,
champions abortion,171,usa,abortion,
abortion providers abortion,127,usa,abortion,
abortion industry secrets,105,usa,abortion,
abortion-protector,75,usa,abortion,
tom fitton,753,usa,activist,
nathan phillips,298,usa,activist,
james o'keefe,297,usa,activist,
louis farrakhan,295,usa,activist,
farrakhan,201,usa,activist,
vince vaughn,3155,usa,actor,
brad pitt,908,usa,actor,
joaquin phoenix,496,usa,actor,
jon voight,344,usa,actor,
gary sinise,341,usa,actor,
nick robinson,305,usa,actor,
robert conrad,279,usa,actor,
john wayne,216,usa,actor,
john cusack,209,usa,actor,
tom hanks,201,usa,actor,
kevin spacey,193,usa,actor,
timothy hutton,131,usa,actor,
michelle williams,828,usa,actress,
alyssa milano,435,usa,actress,
gwyneth paltrow,297,usa,actress,
jane fonda,267,usa,actress,
gwyneth,230,usa,actress,
mark galli,305,usa,author,
noah feldman,1493,usa,author,
water accessibility,270,usa,cc,
water accessibility issues,228,usa,cc,
george nader,1232,usa,child-abuse,
jeffrey epsteins,813,usa,child-abuse,
child abuse,437,usa,child-abuse,
jeffery epstein,317,usa,child-abuse,
billionaire pedophile,245,usa,child-abuse,
child porn,244,usa,child-abuse,
#christmas,246,usa,christian,
roger williams,217,usa,christian,
america god,216,usa,christian,
george lopez,739,usa,comedian,
joe rogan,342,usa,comedian,
george carlin,315,usa,comedian,
patton oswalt,207,usa,comedian,
jimmy fallons,132,usa,comedian,
kathy griffin,825,usa,comedian,
tucker carlson,2961,usa,cons-media,
fox,2793,usa,cons-media,
mark levin,2113,usa,cons-media,
laura ingraham,2036,usa,cons-media,
limbaugh,1793,usa,cons-media,
rush limbaugh,1459,usa,cons-media,
john solomon,1320,usa,cons-media,
juan williams,1111,usa,cons-media,
jay sekulow,1092,usa,cons-media,
sean hannity,1056,usa,cons-media,
murdoch,854,usa,cons-media,
ben shapiro,680,usa,cons-media,
kimberley strassel,673,usa,cons-media,
charlie kirk,552,usa,cons-media,
maria bartiromo,532,usa,cons-media,
gregg jarrett,524,usa,cons-media,
gutfeld,346,usa,cons-media,
glenn beck,321,usa,cons-media,
fox news,319,usa,cons-media,
james rosen,309,usa,cons-media,
shepard smith,301,usa,cons-media,
hannity,297,usa,cons-media,
lou dobbs,292,usa,cons-media,
martha maccallum,292,usa,cons-media,
michelle malkin,291,usa,cons-media,
wall street journal,285,usa,cons-media,
geraldo rivera,284,usa,cons-media,
gianni caldwell,261,usa,cons-media,
ingraham,249,usa,cons-media,
jeanine pirro,242,usa,cons-media,
dan bongino,238,usa,cons-media,
shapiro,215,usa,cons-media,
jennifer rubin,188,usa,cons-media,
#cpac,119,usa,cons-media,
anthony fauci,654,usa,corona-virus,
amador,458,usa,corona-virus,
symptoms border patrol,370,usa,corona-virus,
disease pandemics,202,usa,corona-virus,
hoax breakdown,132,usa,corona-virus,
pandemic specialist,132,usa,corona-virus,
mass-panic efforts,112,usa,corona-virus,
robert redfield,94,usa,corona-virus,
bases,7695,usa,defense,
pentagon,3580,usa,defense,
veteran,3454,usa,defense,
veterans,3426,usa,defense,
michael flynn,3373,usa,defense,
vets,2409,usa,defense,
vet,2320,usa,defense,
marines,2090,usa,defense,
defense bill,845,usa,defense,
space force,738,usa,defense,
homeland security,477,usa,defense,
mcdonnell,440,usa,defense,
war veteran,300,usa,defense,
coast guard,211,usa,defense,
marine corp vet,201,usa,defense,
charles brown jr.,79,usa,defense,
democrats,226104,usa,democrats,
obama,83980,usa,democrats,obama
dems,78756,usa,democrats,
pelosi,73331,usa,democrats,pelosi
nancy pelosi,50049,usa,democrats,pelosi
adam schiff,49692,usa,democrats,schiff
schiff,37577,usa,democrats,schiff
joe biden,34213,usa,democrats,biden
biden,31661,usa,democrats,biden
bernie,29412,usa,democrats,bernie
clinton,28916,usa,democrats,clinton
nancy,28234,usa,democrats,pelosi
bernie sanders,25822,usa,democrats,bernie
hillary,24303,usa,democrats,clinton
liberals,22467,usa,democrats,
hillary clinton,18861,usa,democrats,clinton
hunter biden,16591,usa,democrats,
democrat,15549,usa,democrats,
nadler,12365,usa,democrats,nadler
warren,12357,usa,democrats,warren
house democrats,11500,usa,democrats,
elizabeth warren,11354,usa,democrats,warren
sanders,10636,usa,democrats,bernie
bidens,9350,usa,democrats,biden
schumer,9270,usa,democrats,schumer
jerry nadler,9022,usa,democrats,nadler
aoc,8567,usa,democrats,aoc
john kerry,7227,usa,democrats,kerry
nothing democrats,6728,usa,democrats,
dnc,6029,usa,democrats,
chuck schumer,5945,usa,democrats,schumer
obamas,4493,usa,democrats,obama
bloomberg,4078,usa,democrats,
clintons,3993,usa,democrats,clinton
joe bidens,3617,usa,democrats,biden
house dems,3470,usa,democrats,
hunter,3246,usa,democrats,
mike bloomberg,3021,usa,democrats,bloomberg
rashida,2811,usa,democrats,
barack obama,2509,usa,democrats,obama
dem,2324,usa,democrats,
elizabeth,2179,usa,democrats,warren
michael bloomberg,2153,usa,democrats,bloomberg
pamela karlan,2104,usa,democrats,karlan
kamala harris,2086,usa,democrats,harris
cory booker,1816,usa,democrats,
ralph northam,1735,usa,democrats,
nothing dems,1652,usa,democrats,
michelle obama,1642,usa,democrats,obama
klobuchar,1597,usa,democrats,klobuchar
hunter bidens,1529,usa,democrats,
dem party,1441,usa,democrats,biden
hussein obama,1344,usa,democrats,obama
kennedy,1183,usa,democrats,
obama-era,1135,usa,democrats,obama
cuomo,1084,usa,democrats,
feinstein,1069,usa,democrats,
democrat party,1026,usa,democrats,
chuck,994,usa,democrats,schumer
alexandra,918,usa,democrats,aoc
rashida tlaib,906,usa,democrats,tlaib
amy klobuchar,897,usa,democrats,klobuchar
senate democrats,875,usa,democrats,
collin peterson,866,usa,democrats,
hank johnson,863,usa,democrats,
hillary clintons,850,usa,democrats,clinton
pelosi-schiff,799,usa,democrats,pelosi
level democrats,793,usa,democrats,aoc
ocasio-cortez,785,usa,democrats,
stacey abrams,777,usa,democrats,
jill biden,708,usa,democrats,biden
adam schiffs,694,usa,democrats,schiff
gavin newsom,666,usa,democrats,
james clyburn,645,usa,democrats,
jackson lee,641,usa,democrats,
joe manchin,611,usa,democrats,
jimmy carter,591,usa,democrats,
elizabeth warrens,586,usa,democrats,warren
imran awan,584,usa,democrats,
chelsea clinton,571,usa,democrats,clinton
hakeem jeffries,554,usa,democrats,
john huber,496,usa,democrats,
dianne feinstein,489,usa,democrats,
ben rhodes,456,usa,democrats,
john dingell,429,usa,democrats,
george kent,420,usa,democrats,
paul pelosi,410,usa,democrats,
andrew cuomo,405,usa,democrats,
veronica escobar,400,usa,democrats,
sanders iowa,386,usa,democrats,
mucarsel-powell,382,usa,democrats,
wasserman schultz,381,usa,democrats,
barack hussein obama,377,usa,democrats,obama
james biden,376,usa,democrats,biden
dem/socialists,374,usa,democrats,
democrat rivals,366,usa,democrats,
joe lockhart,362,usa,democrats,
john podesta,354,usa,democrats,
debbie wasserman schultz,351,usa,democrats,
liz warren,341,usa,democrats,warren
valerie jarrett,333,usa,democrats,
ben mcadams,333,usa,democrats,
obama/biden,331,usa,democrats,biden
time democrats,330,usa,democrats,
communist democrat party,329,usa,democrats,
john kennedy,327,usa,democrats,
sheila jackson lee,323,usa,democrats,
steyer,323,usa,democrats,
rules committee democrats,319,usa,democrats,
leftie,318,usa,democrats,
freshmen democrats,316,usa,democrats,
freshman democrat,315,usa,democrats,
debbie mucarsel-powell,313,usa,democrats,
doug jones,312,usa,democrats,
mr. nadler,310,usa,democrats,
obama doj,309,usa,democrats,
deplorables,308,usa,democrats,
barry soetoro,307,usa,democrats,
slotkin,302,usa,democrats,
sheila jackson,297,usa,democrats,
john carlin,296,usa,democrats,
anthony weiner,290,usa,democrats,
mcgovern,285,usa,democrats,
james carville,285,usa,democrats,
mr horowitz,283,usa,democrats,
robert ray,278,usa,democrats,
hillary rodham clinton,277,usa,democrats,clinton
harry reid,277,usa,democrats,
#schiff,274,usa,democrats,
kirsten gillibrand,274,usa,democrats,
jerrold nadler,268,usa,democrats,
cortez,267,usa,democrats,aoc
barack,267,usa,democrats,obama
michelle obamas,261,usa,democrats,
democrat support,260,usa,democrats,
johnson-harrell,260,usa,democrats,
louella thompson,256,usa,democrats,
russia/sanders,252,usa,democrats,bernie
blumenthal,246,usa,democrats,
david skaggs,238,usa,democrats,
matt cartwright,238,usa,democrats,
democrats today,232,usa,democrats,
josh gottheimer,225,usa,democrats,
lofgren,224,usa,democrats,
mikie sherrill,223,usa,democrats,
democrats vow,216,usa,democrats,
democrat caucus,211,usa,democrats,
house minority leader,208,usa,democrats,
obama-appointed,208,usa,democrats,
chris pappas,206,usa,democrats,
katie hill,204,usa,democrats,
chris stevens,204,usa,democrats,
democrat standarddo,204,usa,democrats,
frank biden,203,usa,democrats,biden
cedric richmond,200,usa,democrats,
tom ohalleran,199,usa,democrats,
brzezinski,199,usa,democrats,
trump obama,198,usa,democrats,
pelosi/schiff/nadler,194,usa,democrats,
aliens democrats,194,usa,democrats,
bob menendez,192,usa,democrats,
paul begala,190,usa,democrats,
debbie wasserman,187,usa,democrats,
john lewis,185,usa,democrats,
#obama,181,usa,democrats,
democrats demise,181,usa,democrats,
schumer-pelosi-sanders-biden- buttigieg-warren-klobuchar-steyer,163,usa,democrats,
hunter biden-connected,149,usa,democrats,
state department,3035,usa,dos,
state dept,2956,usa,dos,
dollars,12411,usa,economy,
dollar,2337,usa,economy,
dow jones,346,usa,economy,
imf,336,usa,economy,
401k,323,usa,economy,
treasury secretary,277,usa,economy,
bank cut interest rates,272,usa,economy,
literacy programs,564,usa,education,
education/labor committees,407,usa,education,
re-election,4442,usa,elections,
primaries,1691,usa,elections,
campaign trail,1072,usa,elections,
election campaign,1023,usa,elections,
poll numbers,955,usa,elections,
campaign manager,929,usa,elections,
voter registration,922,usa,elections,
smear campaign,882,usa,elections,
election year,689,usa,elections,
battleground states,450,usa,elections,
swing districts,385,usa,elections,
election fraud,355,usa,elections,
swing states,339,usa,elections,
democracies,321,usa,elections,
campaign finance law violations,275,usa,elections,
senate race,257,usa,elections,
election time,251,usa,elections,
election coverage,249,usa,elections,
senate seat scandal,217,usa,elections,
poll workers,191,usa,elections,
saliva-soaked fingers,188,usa,elections,
billionaire fetish,182,usa,elections,
election moderator,155,usa,elections,
anti-trump bias,152,usa,elections,
trump-hating lunatic,151,usa,elections,
caucus volunteers,140,usa,elections,
virginias votes,122,usa,elections,
election interference investigation,121,usa,elections,
debate prep,115,usa,elections,
turnout machine,113,usa,elections,
ervin julian,112,usa,elections,
#uncledick,112,usa,elections,
vote total,111,usa,elections,
campaign trail joke,109,usa,elections,
todaytrump,108,usa,elections,
trump communications director,104,usa,elections,
front runner democrats,103,usa,elections,
fidel sanders,85,usa,elections,
billy graham,1343,usa,evangelical,
franklin graham,1115,usa,evangelical,
evangelicals,883,usa,evangelical,
jim baker,269,usa,evangelical,
kyle jurek,4209,usa,far-left,
anarchist group,147,usa,far-left,
laura loomer,4288,usa,far-right,
alex jones,1134,usa,far-right,
nick fuentes,351,usa,far-right,
laura loomer-laura loomer,278,usa,far-right,
david duke,243,usa,far-right,
andrew breitbart,221,usa,far-right,
fbi,48446,usa,fbi,
mccabe,5687,usa,fbi,
james comey,5396,usa,fbi,
john durham,5224,usa,fbi,
christopher wray,3019,usa,fbi,
fisa,2890,usa,fbi,
andrew mccabe,2378,usa,fbi,
jim comey,1535,usa,fbi,
chris wray,1287,usa,fbi,
fisa warrant,1284,usa,fbi,
page fisa,1059,usa,fbi,
comey,978,usa,fbi,
robert mueller,862,usa,fbi,
fisa court,824,usa,fbi,
obama fbi,799,usa,fbi,
fbi christopher wray,491,usa,fbi,
page fisa warrant,396,usa,fbi,
page fisa application,392,usa,fbi,
kevin clinesmith,339,usa,fbi,
page fisa applications,303,usa,fbi,
obamas fbi,289,usa,fbi,
fisa power,260,usa,fbi,
reform markup tomorrow,248,usa,fbi,
strzok-page emails,224,usa,fbi,
mccabe yates,153,usa,fbi,
f.b.i. official,135,usa,fbi,
fbi mccabe,129,usa,fbi,
#fisa reform,108,usa,fbi,
larry kudlow,369,usa,fed,
allies,5696,usa,fp,
empire,1882,usa,fp,
afghanistan,8011,usa,fp-afghanistan,FP-SA
canada,20265,usa,fp-canada,FP-NA
trudeau,3773,usa,fp-canada,FP-NA
justin trudeau,3647,usa,fp-canada,FP-NA
alberta,1555,usa,fp-canada,FP-NA
canadians,1395,usa,fp-canada,FP-NA
china,33007,usa,fp-china,FP-EA
wuhan,4148,usa,fp-china,FP-EA
trade agreement,2645,usa,fp-china,FP-EA
tariffs,2549,usa,fp-china,FP-EA
beijing,1118,usa,fp-china,FP-EA
huawei,817,usa,fp-china,FP-EA
chinese,365,usa,fp-china,FP-EA
#china,324,usa,fp-china,FP-EA
shanghai,246,usa,fp-china,FP-EA
trade relations,210,usa,fp-china,FP-EA
cuba,1647,usa,fp-cuba,FP-LA
fidel castro,377,usa,fp-cuba,FP-LA
iran,86244,usa,fp-iran,FP-ME
tehran,8772,usa,fp-iran,FP-ME
soleimani,4518,usa,fp-iran,FP-ME
mullahs,2946,usa,fp-iran,FP-ME
hamas,2866,usa,fp-iran,FP-ME
iranians,2715,usa,fp-iran,FP-ME
khamenei,1924,usa,fp-iran,FP-ME
hezbollah,1898,usa,fp-iran,FP-ME
ayatollah,1705,usa,fp-iran,FP-ME
tehran nancy,1368,usa,fp-iran,FP-ME
khomeini,467,usa,fp-iran,FP-ME
obamas iran,286,usa,fp-iran,FP-ME
lran john kerry,282,usa,fp-iran,FP-ME
suleimani,265,usa,fp-iran,FP-ME
iran obama,181,usa,fp-iran,FP-ME
iraq,22040,usa,fp-iraq,FP-ME
baghdad,2678,usa,fp-iraq,FP-ME
iraqis,672,usa,fp-iraq,FP-ME
japan,2655,usa,fp-japan,FP-EA
tokyo,471,usa,fp-japan,FP-EA
korea,3634,usa,fp-korea,FP-EA
korean,326,usa,fp-korea,FP-EA
north korea,183,usa,fp-korea,FP-EA
kurds,263,usa,fp-me,FP-ME
saudi arabian,249,usa,fp-me,FP-ME
kurdistan,239,usa,fp-me,FP-ME
mosul,226,usa,fp-me,FP-ME
mexico,9069,usa,fp-mexico,FP-LA
mexican,913,usa,fp-mexico,FP-LA
andres manuel,273,usa,fp-mexico,FP-LA
nafta,264,usa,fp-mexico,FP-LA
saudi,4263,usa,fp-saudi,FP-ME
saudi arabia,3895,usa,fp-saudi,FP-ME
arabia,1169,usa,fp-saudi,FP-ME
saudis,1169,usa,fp-saudi,FP-ME
venezuela,3586,usa,fp-venezuela,FP-LA
honduras,1290,usa,fp-honduras,FP-LA
guam,1231,usa,fp-guam,FP-LA
bolivia,1230,usa,fp-bolivia,FP-LA
guatemala,1185,usa,fp-guatemala,FP-LA
brazil,737,usa,fp-brazil,FP-LA
chile,640,usa,fp-chile,FP-LA
argentina,394,usa,fp-argentina,FP-LA
jamaica,394,usa,fp-jamaica,FP-CA
costa rica,355,usa,fp-costarica,FP-LA
bolivian,205,usa,fp-bolivia,FP-LA
salvador,185,usa,fp-elsalvador,FP-LA
chilean,180,usa,fp-chile,FP-LA
ukraine,58177,usa,fp-ukraine,FP-EE
ukrainians,2232,usa,fp-ukraine,FP-EE
burisma,1400,usa,fp-ukraine,FP-EE
kiev,1274,usa,fp-ukraine,FP-EE
yuri lutsenko,569,usa,fp-ukraine,FP-EE
kyiv,324,usa,fp-ukraine,FP-EE
lutsenko,286,usa,fp-ukraine,FP-EE
devon archer,232,usa,fp-ukraine,FP-EE
nick sandmann,4559,usa,gun control,
gun control,3134,usa,gun control,
gun owners,2839,usa,gun control,
gun rights rally,1675,usa,gun control,
gun rights,1516,usa,gun control,
gunman,1492,usa,gun control,
gun rally,1444,usa,gun control,
nra,839,usa,gun control,
rifle,661,usa,gun control,
gun control laws,628,usa,gun control,
gun confiscation,508,usa,gun control,
gun violence,503,usa,gun control,
gun control bills,404,usa,gun control,
handgun,370,usa,gun control,
nick sandman,365,usa,gun control,
david hogg,360,usa,gun control,
gun ownership,323,usa,gun control,
mass shootings,318,usa,gun control,
gun ban,309,usa,gun control,
gun grabbers,266,usa,gun control,
gun-toting,243,usa,gun control,
nicholas sandmann,226,usa,gun control,
gun ranges,225,usa,gun control,
gun-rights rally,223,usa,gun control,
assault weapons ban,208,usa,gun control,
concealed,194,usa,gun control,
gun sanctuaries,192,usa,gun control,
anthony ferrill,143,usa,gun control,
#nra member,132,usa,gun control,
panic alarm,123,usa,gun control,
firearms,2315,usa,gun control ,
jack wilson,1764,usa,gun debate,
gun laws,1268,usa,gun debate,
obamacare,2003,usa,health,
cdc,1072,usa,health,
bill ripoffs,407,usa,health,
immigration hoax,360,usa,immigration,
patrol agents,301,usa,immigration,
issue driver licenses,266,usa,immigration,
#immigration laws,239,usa,immigration,
sanctuary city fight,196,usa,immigration,
deportation appeals,108,usa,immigration,
outlaw sanctuary cities,75,usa,immigration,
sanctuary cities,2282,usa,immigration ,
border wall,1878,usa,immigration ,
asylum seekers,943,usa,immigration ,
refuge,935,usa,immigration ,
immigration fraud,890,usa,immigration ,
extradition,886,usa,immigration ,
sanctuary policies,881,usa,immigration ,
border security,758,usa,immigration ,
refugee resettlement,676,usa,immigration ,
sanctuary city,532,usa,immigration ,
brian terry,425,usa,immigration ,
amendment sanctuaries,408,usa,immigration ,
border wall funding,376,usa,immigration ,
border patrol,353,usa,immigration ,
trump wall,308,usa,immigration ,
citizenship law,248,usa,immigration ,
immigration policy,246,usa,immigration ,
ice detainer,204,usa,immigration ,
border wall system,195,usa,immigration ,
impeachment,175036,usa,impeachment,
impeachment trial,15023,usa,impeachment,
impeachment hoax,10312,usa,impeachment,
quo,9925,usa,impeachment,
impeachment sham,8781,usa,impeachment,
sham impeachment,8128,usa,impeachment,
impeachment articles,7981,usa,impeachment,
senate impeachment trial,4531,usa,impeachment,
impeachment hearings,3810,usa,impeachment,
impeachment process,3559,usa,impeachment,
impeachment case,3199,usa,impeachment,
impeachment inquiry,2747,usa,impeachment,
jonathan turley,2348,usa,impeachment,
#impeachment,2334,usa,impeachment,
impeachment scam,2243,usa,impeachment,
impeachment coup,1906,usa,impeachment,
impeachment managers,1824,usa,impeachment,
impeachment manager,1732,usa,impeachment,
hearing,1731,usa,impeachment,
impeachment charade,1528,usa,impeachment,
impeachment witness,1382,usa,impeachment,
impeachment farce,1360,usa,impeachment,
impeachment proceedings,1325,usa,impeachment,
house impeachment,1315,usa,impeachment,
daniel goldman,1275,usa,impeachment,
impeachment votes,1264,usa,impeachment,
impeachment witnesses,1060,usa,impeachment,
house impeachment managers,1060,usa,impeachment,
impeachment vote,1038,usa,impeachment,
impeachment pens,962,usa,impeachment,
impeachment circus,940,usa,impeachment,
democrats impeachment,795,usa,impeachment,
impeachment report,737,usa,impeachment,
impeachment effort,633,usa,impeachment,
impeachment trial rules,585,usa,impeachment,
impeachment nonsense,563,usa,impeachment,
impeachment team,546,usa,impeachment,
impeachment push,540,usa,impeachment,
impeachment evidence,540,usa,impeachment,
impeachment crap,537,usa,impeachment,
impeachment stunt,529,usa,impeachment,
impeachment rules,520,usa,impeachment,
impeachment delay,517,usa,impeachment,
impeachment resolution,504,usa,impeachment,
sham impeachment process,461,usa,impeachment,
impeachment investigations,457,usa,impeachment,
impeachment abuse,448,usa,impeachment,
senate impeachment,448,usa,impeachment,
impeachment power,445,usa,impeachment,
impeachment markup,440,usa,impeachment,
impeachment drama,423,usa,impeachment,
sham impeachment trial,406,usa,impeachment,
impeachment debate,403,usa,impeachment,
impeachment efforts,389,usa,impeachment,
impeachment committee,383,usa,impeachment,
impeachment lawyer,369,usa,impeachment,
biden-ukraine,368,usa,impeachment,
impeachment leak,365,usa,impeachment,
impeachment testimony,361,usa,impeachment,
impeachment fiasco,357,usa,impeachment,
impeachment thing,353,usa,impeachment,
impeachment questions,347,usa,impeachment,
impeachment poll numbers,346,usa,impeachment,
impeachment gambit,336,usa,impeachment,
impeachment article,307,usa,impeachment,
impeachment argument,297,usa,impeachment,
impeachment coverage,296,usa,impeachment,
impeachment crusade,292,usa,impeachment,
impeachment bs,292,usa,impeachment,
impeachment video,292,usa,impeachment,
house impeachment process,290,usa,impeachment,
sham #impeachment,289,usa,impeachment,
impeachment defense team,288,usa,impeachment,
impeachment/coup,287,usa,impeachment,
impeachment debacle,285,usa,impeachment,
democrats impeachment sham,274,usa,impeachment,
impeachment announcement,272,usa,impeachment,
impeachment narrative,271,usa,impeachment,
impeachment prosecutors,267,usa,impeachment,
democrats sham impeachment,264,usa,impeachment,
democrats impeachment case,261,usa,impeachment,
impeachment scheme,256,usa,impeachment,
house democrats impeachment,250,usa,impeachment,
dems impeachment,247,usa,impeachment,
impeachment week,247,usa,impeachment,
impeachment fraud,225,usa,impeachment,
lead impeachment manager,219,usa,impeachment,
impeachment yesterday,218,usa,impeachment,
impeachment support,217,usa,impeachment,
impeachment expert,216,usa,impeachment,
impeachment counsel,212,usa,impeachment,
stomach-turning impeachment charade damages,212,usa,impeachment,
impeachment battle,211,usa,impeachment,
democrats impeachment hoax,208,usa,impeachment,
impeachment notes,207,usa,impeachment,
scam impeachment,204,usa,impeachment,
impeachment theater,203,usa,impeachment,
impeachment train,194,usa,impeachment,
hoax impeachment,194,usa,impeachment,
house impeachment effort,187,usa,impeachment,
impeachment today,186,usa,impeachment,
impeachment theory,181,usa,impeachment,
impeachment malpractice,102,usa,impeachment,
flynn,18981,usa,intelligence,
brennan,10814,usa,intelligence,
john brennan,4258,usa,intelligence,
clapper,3935,usa,intelligence,
cia,1553,usa,intelligence,
nsc,1391,usa,intelligence,
security council,1172,usa,intelligence,
cia director,782,usa,intelligence,
elissa slotkin,770,usa,intelligence,
fisc,768,usa,intelligence,
ray mcgovern,614,usa,intelligence,
nsa,613,usa,intelligence,
cia officer,438,usa,intelligence,
alexander vindman,418,usa,intelligence,
joe maguire,413,usa,intelligence,
rick grenell,365,usa,intelligence,
robert obrien,328,usa,intelligence,
#flynn,322,usa,intelligence,
mr. flynn,302,usa,intelligence,
intelligence briefing,250,usa,intelligence,
michael rogers,234,usa,intelligence,
dni,188,usa,intelligence,
gen flynn,186,usa,intelligence,
intelligence community agents,103,usa,intelligence,
intelligence swamp,80,usa,intelligence,
reza aslan,958,usa,islam,
travel ban,314,usa,islam,
glenn greenwald,463,usa,journalist,
greg gutfeld,430,usa,journalist,
peter schweizer,320,usa,journalist,
attkisson,308,usa,journalist,
horowitz,17933,usa,justice,
mueller,13625,usa,justice,
amendment,12954,usa,justice,
obstruction,9535,usa,justice,
misconduct,7886,usa,justice,
epstein,7504,usa,justice,
counsel,6798,usa,justice,
hearings,5681,usa,justice,
jeffrey epstein,4923,usa,justice,
barr,4824,usa,justice,
bill barr,4755,usa,justice,
justice department,3785,usa,justice,
indictment,3615,usa,justice,
debates,3199,usa,justice,
subpoenas,2910,usa,justice,
amendment rights,2848,usa,justice,
commission,2790,usa,justice,
nypd,2641,usa,justice,
collusion hoax,2332,usa,justice,
william barr,2322,usa,justice,
doj,2309,usa,justice,
war powers resolution,2293,usa,justice,
judiciary committee,2254,usa,justice,
war powers,1721,usa,justice,
sheriff,1539,usa,justice,
circuit,1294,usa,justice,
circuit court,1288,usa,justice,
david kris,1288,usa,justice,
ken starr,1267,usa,justice,
michael horowitz,1265,usa,justice,
rod rosenstein,1227,usa,justice,
michael atkinson,1122,usa,justice,
john roberts,1049,usa,justice,
ruth bader ginsburg,922,usa,justice,
george conway,794,usa,justice,
juror bias,770,usa,justice,
amy berman-jackson,616,usa,justice,
loretta lynch,518,usa,justice,
andrew weissmann,514,usa,justice,
house judiciary,470,usa,justice,
bader ginsburg,438,usa,justice,
michael mukasey,407,usa,justice,
night house judiciary chairman,398,usa,justice,
andy mccabe,390,usa,justice,
lawrence vandyke,348,usa,justice,
sally yates,347,usa,justice,
barry berke,334,usa,justice,
doj official,309,usa,justice,
circuit court judges,281,usa,justice,
mr. berke,279,usa,justice,
ammendment,219,usa,justice,
pardons/sentence,219,usa,justice,
tom homan,208,usa,justice,
doj/state,204,usa,justice,
circuit judges,203,usa,justice,
jessie liu,202,usa,justice,
nypd officers,187,usa,justice,
lung growths,179,usa,justice,
circuit court rules,175,usa,justice,
justice department misconduct,114,usa,justice,
line prosecutors,110,usa,justice,
juror questions,108,usa,justice,
ban bill,104,usa,justice,
cnn,6420,usa,left-media,
chris wallace,4498,usa,left-media,
chris matthews,1476,usa,left-media,
paul krugman,1366,usa,left-media,
rachel maddow,1241,usa,left-media,
michael moore,1051,usa,left-media,
van jones,958,usa,left-media,
anderson cooper,908,usa,left-media,
jim acosta,906,usa,left-media,
maddow,699,usa,left-media,
bill maher,500,usa,left-media,
manu raju,478,usa,left-media,
brian stelter,408,usa,left-media,
antifa,384,usa,left-media,
marianne williamson,374,usa,left-media,
joy behar,369,usa,left-media,
hanoi jane,351,usa,left-media,
jeff zucker,348,usa,left-media,
chris cuomo,347,usa,left-media,
joe scarborough,340,usa,left-media,
nyt,217,usa,left-media,
john harwood,205,usa,left-media,
jeffrey toobin,196,usa,left-media,
maggie haberman,194,usa,left-media,
twitter,50399,usa,media,
hollywood,13391,usa,media,
facebook,10699,usa,media,
youtube,6760,usa,media,
google,5082,usa,media,
netflix,3223,usa,media,
witch hunt,2829,usa,media,
retweets,2684,usa,media,
fb,2645,usa,media,
instagram,1476,usa,media,
geraldo,1100,usa,media,
politico,962,usa,media,
david wright,840,usa,media,
glenn simpson,676,usa,media,
hoax number,422,usa,media,
jack dorsey,399,usa,media,
jim cramer,385,usa,media,
cramer,337,usa,media,
swamp medias cover-up,319,usa,media,
ratings drought,308,usa,media,
establishment-press,274,usa,media,
jon scott,266,usa,media,
jeff jensen,242,usa,media,
smackdown,228,usa,media,
disinformation hoax number,202,usa,media,
media hypocrisy,149,usa,media,
swamp-press,137,usa,media,
collusion hoax stories,102,usa,media,
fox news reporter treason,101,usa,media,
cnn/ny,98,usa,media,
sara carter,345,usa,music,
elvis presley,331,usa,music,
freddie,304,usa,music,
elton john,290,usa,music,
nasa,989,usa,nasa,
spangled banner,755,usa,nationalism,
nato,2365,usa,nato,
mike pence,337,usa,pence,
phil haney,1990,usa,phil-haney,
phillip haney,173,usa,phil-haney,
poverty manufacturing wages,173,usa,poverty,
militia,1996,usa,protest,
militias,1562,usa,protest,
san juan,486,usa,PuertoRico,
blacks,2563,usa,race,
martin luther,1903,usa,race,
whites,1837,usa,race,
supremacist,1810,usa,race,
martin luther king jr.,1357,usa,race,
malcolm,266,usa,race,
dr. martin luther king jr.,213,usa,race,
nigga,209,usa,race,
race-baiting,207,usa,race,
niggas,184,usa,race,
lives matter,184,usa,race,
howard stern,318,usa,radio,
harvey weinstein,2952,usa,rape,
weinstein,707,usa,rape,
republicans,12811,usa,republicans,
romney,11401,usa,republicans,romney
mcconnell,8721,usa,republicans,mcconnell
rudy giuliani,6988,usa,republicans,giuliani
rudy,6723,usa,republicans,giuliani
giuliani,6653,usa,republicans,giuliani
mitch mcconnell,6469,usa,republicans,mcconnell
lindsey graham,6282,usa,republicans,graham
devin nunes,5186,usa,republicans,nunes
graham,3966,usa,republicans,graham
pompeo,3377,usa,republicans,pompeo
ted cruz,2960,usa,republicans,cruz
mitch,2853,usa,republicans,mcconnell
cruz,2565,usa,republicans,cruz
gop,2413,usa,republicans,
bush,2276,usa,republicans,bush
reagan,2273,usa,republicans,reagan
rep,2233,usa,republicans,
sessions,2064,usa,republicans,sessions
john bolton,2043,usa,republicans,bolton
jim jordan,2012,usa,republicans,
pat cipollone,1970,usa,republicans,
alan dershowitz,1933,usa,republicans,
reps,1868,usa,republicans,
doug collins,1831,usa,republicans,
mike lee,1809,usa,republicans,
steve bannon,1543,usa,republicans,bannon
roger stone,1535,usa,republicans,
kevin mccarthy,1517,usa,republicans,
roger,1502,usa,republicans,
mike rogers,1490,usa,republicans,
ratcliffe,1444,usa,republicans,
mike flynn,1444,usa,republicans,
conway,1307,usa,republicans,
rand paul,1286,usa,republicans,
lindsey,1272,usa,republicans,graham
bolton,1239,usa,republicans,bolton
house republicans,1238,usa,republicans,
kavanaugh,1234,usa,republicans,
susan collins,1210,usa,republicans,
gates,1153,usa,republicans,
mike pompeo,1107,usa,republicans,pompeo
mccain,1060,usa,republicans,mccain
senate republicans,1025,usa,republicans,
john ratcliffe,986,usa,republicans,
meghan mccain,983,usa,republicans,mccain
stone,977,usa,republicans,
greg abbott,961,usa,republicans,
brett kavanaugh,957,usa,republicans,
kyle,920,usa,republicans,
mark meadows,910,usa,republicans,
republican,892,usa,republicans,
ronald reagan,892,usa,republicans,reagan
josh hawley,821,usa,republicans,
dershowitz,793,usa,republicans,
nikki haley,754,usa,republicans,
murkowski,741,usa,republicans,
john mccain,733,usa,republicans,mccain
george papadopoulos,683,usa,republicans,
michael cohen,671,usa,republicans,
republican party,668,usa,republicans,
mitt romney,641,usa,republicans,romney
paul manafort,630,usa,republicans,
louie gohmert,613,usa,republicans,
joe digenova,603,usa,republicans,
robert charles,546,usa,republicans,
rick scott,529,usa,republicans,
martha mcsally,502,usa,republicans,
lindsay graham,459,usa,republicans,graham
stephen miller,442,usa,republicans,
ron johnson,427,usa,republicans,
liz cheney,418,usa,republicans,
deven nunes,406,usa,republicans,
james baker,401,usa,republicans,
gingrich,376,usa,republicans,
john mcguire,362,usa,republicans,
richard nixon,357,usa,republicans,
pence,349,usa,republicans,pence
lisa murkowski,343,usa,republicans,
stephanie grisham,342,usa,republicans,
tea party,341,usa,republicans,
matt gaetz,325,usa,republicans,
sarah sanders,323,usa,republicans,
gaetz,317,usa,republicans,
carly fiorina,314,usa,republicans,
john dean,312,usa,republicans,
jonathan winer,303,usa,republicans,
rafiekian,301,usa,republicans,
lee zeldin,298,usa,republicans,
debbie lesko,293,usa,republicans,
jeb,282,usa,republicans,
tim morrison,275,usa,republicans,
abby huntsman,269,usa,republicans,
edgar hoover,268,usa,republicans,
mike johnson,259,usa,republicans,
george bush,252,usa,republicans,
ben carson,241,usa,republicans,
eisenhower,240,usa,republicans,
anthony ornato,238,usa,republicans,
peter navarro,231,usa,republicans,
mick mulvaney,221,usa,republicans,
kevin brady,221,usa,republicans,
john james,211,usa,republicans,
marsha blackburn,207,usa,republicans,
kushner,206,usa,republicans,
haley,203,usa,republicans,
pete hegseth,197,usa,republicans,
college republicans,183,usa,republicans,
roger stone jury foreman,289,usa,roger-stone,
jury foreman,284,usa,roger-stone,
silence stone,259,usa,roger-stone,
stones trial,230,usa,roger-stone,
aaron zelinsky,162,usa,roger-stone,
tomeka hart,160,usa,roger-stone,
henry greenberg,138,usa,roger-stone,
adam jed,115,usa,roger-stone,
roger stone democrat,114,usa,roger-stone,
case stones lawyers,93,usa,roger-stone,
sanctions,8491,usa,russia,
sergei millian,579,usa,russia,
nellie ohr,321,usa,russia,
strzok-page docs,261,usa,russia,
uranium scandal,260,usa,russia,
edward snowden,191,usa,russia,
snowflakes,1556,usa,segment,
trump supporter,1406,usa,segment,
trump supporters,702,usa,segment,
californians,325,usa,segment,
taylor swift,831,usa,singer,
taxpayer dollars,2717,usa,spending,
tax cut,492,usa,spending,
income tax,462,usa,spending,
tax cutter,296,usa,spending,
year payroll tax cut,266,usa,spending,
dollar government contract,247,usa,spending,
welfare budget$71b,197,usa,spending,
governments purchases,112,usa,spending,
chris steele,720,usa,sports,
brandon brown,402,usa,sports,
ryan newman,370,usa,sports,
megan rapinoe,347,usa,sports,
tom watson,286,usa,sports,
josh roberts,256,usa,sports,
world series,242,usa,sports,
chris keating,211,usa,sports,
lee smith,209,usa,sports,
espn,182,usa,sports,
dwyane wade,153,usa,sports,
charleston,302,usa,supremacist,
gitmo,1072,usa,terrorism,
gregory timm,860,usa,terrorism,
omar khadr,674,usa,terrorism,
osama,302,usa,terrorism,
world trade center,260,usa,terrorism,
jihadist,253,usa,terrorism,
president trump,68977,usa,trump,trump
trump,46980,usa,trump,trump
donald,22617,usa,trump,trump
donald trump,17390,usa,trump,trump
potus,13036,usa,trump,trump
mar-a-lago,2224,usa,trump,trump
barron,2114,usa,trump,
ivanka,2039,usa,trump,ivanka
donald j trump,1680,usa,trump,trump
executive privilege,1526,usa,trump,
barron trump,1121,usa,trump,
#trump,1012,usa,trump,
candidate trump,886,usa,trump,
donald trump jr.,549,usa,trump,
mr. trump,485,usa,trump,trump
sotu speech,464,usa,trump,
donald john trump,421,usa,trump,trump
trump campaign,408,usa,trump,
day president trump,385,usa,trump,
whitehouse,378,usa,trump,
presidents side,350,usa,trump,
jared kushner,333,usa,trump,
trump rally,332,usa,trump,
president trump signs,310,usa,trump,
trumps,289,usa,trump,
situation room,260,usa,trump,
brimerupting,256,usa,trump,
years president trump,195,usa,trump,
freedom,21015,usa,value,
liberty,4437,usa,value,
youngsters,253,usa,youth,
college kids,224,usa,youth,
america,124925,usa,,
house,99320,usa,,
senate,77871,usa,,
state,64526,usa,,
states,46533,usa,,
u.s.,39400,usa,,
virginia,37590,usa,,
americans,23148,usa,,
speaker,21128,usa,,
washington,19210,usa,,
american,18663,usa,,
california,18507,usa,,
senators,17348,usa,,
iowa,14632,usa,,
florida,14448,usa,,
texas,12846,usa,,
swamp,12685,usa,,
carter,12548,usa,,
durham,11844,usa,,
senator,9887,usa,,
congress,8901,usa,,
pensacola,8464,usa,,
richmond,7910,usa,,
puerto,7866,usa,,
representatives,7079,usa,,
pennsylvania,7046,usa,,
senate trial,6978,usa,,
nyc,6722,usa,,
governor,6716,usa,,
milwaukee,6251,usa,,
michigan,6047,usa,,
usa,6035,usa,,
congressman,5741,usa,,
san francisco,3993,usa,,
amazon,3854,usa,,
minnesota,3724,usa,,
arizona,3719,usa,,
portland,3706,usa,,
jeff van,3706,usa,,
nbc,3655,usa,,
utah,3588,usa,,
harvard,3567,usa,,
caucus,3552,usa,,
nj,3532,usa,,
va,3472,usa,,
mass,3470,usa,,
wisconsin,3426,usa,,
chicago,3344,usa,,
representative,3308,usa,,
georgia,3260,usa,,
illinois,3260,usa,,
ohio,3255,usa,,
dc,3193,usa,,
agencies,3141,usa,,
hershey,3106,usa,,
carolina,2936,usa,,
rep.,2625,usa,,
ny,2624,usa,,
subpoena,2568,usa,,
capitol,2551,usa,,
senate floor,2492,usa,,
seattle,2475,usa,,
house floor,2313,usa,,
house judiciary committee,2312,usa,,
houston,2307,usa,,
alabama,2228,usa,,
richard jewell,2197,usa,,
kentucky,2153,usa,,
la,2116,usa,,
boston,2103,usa,,
baltimore,2067,usa,,
tucker,2038,usa,,
austin,2015,usa,,
sidney powell,1876,usa,,
arkansas,1871,usa,,
jacksonville,1841,usa,,
eric ciaramella,1794,usa,,
atlanta,1783,usa,,
detroit,1708,usa,,
project veritas,1689,usa,,
heritage,1686,usa,,
vegas,1667,usa,,
tennessee,1656,usa,,
hampshire,1574,usa,,
oregon,1571,usa,,
house speaker,1552,usa,,
washington dc,1514,usa,,
philadelphia,1499,usa,,
oklahoma,1459,usa,,
megan,1444,usa,,
kansas,1437,usa,,
boeing,1433,usa,,
manhattan,1421,usa,,
colorado,1419,usa,,
hawaii,1404,usa,,
lincoln,1398,usa,,
miami,1384,usa,,
jfk,1370,usa,,
congressmen,1365,usa,,
nixon,1255,usa,,
indiana,1239,usa,,
massachusetts,1224,usa,,
duke,1221,usa,,
ford,1181,usa,,
nas pensacola,1132,usa,,
malarkey,1058,usa,,
babylon,1053,usa,,
goldman,1017,usa,,
u.s,1016,usa,,
centrists,1010,usa,,
coup update,1001,usa,,
states senate,1000,usa,,
charlottesville,999,usa,,
impunity,983,usa,,
ranchers,977,usa,,
memorial,976,usa,,
bruce ohr,974,usa,,
d.c.,971,usa,,
defamation lawsuit,966,usa,,
smollett,957,usa,,
nh,954,usa,,
cali,953,usa,,
alexa,952,usa,,
cipollone,947,usa,,
clint eastwood,946,usa,,
inspector generals,945,usa,,
brooklyn,942,usa,,
oprah,942,usa,,
george washington,941,usa,,
bureaucracy,936,usa,,
homeland,935,usa,,
louisiana,935,usa,,
departure,929,usa,,
dog-faced pony soldier,929,usa,,
nc,922,usa,,
stanford,904,usa,,
senate majority leader,903,usa,,
trey,901,usa,,
maryland,891,usa,,
sf,891,usa,,
kanye,887,usa,,
dallas,885,usa,,
alaska,877,usa,,
turley,870,usa,,
sacramento,867,usa,,
house counsel,858,usa,,
nrc,854,usa,,
dime,832,usa,,
state sponsor,830,usa,,
nike,829,usa,,
plp,825,usa,,
capitol hill,815,usa,,
ups,813,usa,,
liz,790,usa,,
verge,787,usa,,
wa,786,usa,,
elvis,771,usa,,
jeopardy,771,usa,,
napolitano,767,usa,,
newsom,760,usa,,
taylor,760,usa,,
columbia,753,usa,,
blackburn,752,usa,,
san diego,750,usa,,
orleans,744,usa,,
baby mama,740,usa,,
isaiah,728,usa,,
missouri,721,usa,,
bradford,713,usa,,
congresswoman,710,usa,,
mississippi,709,usa,,
blago,688,usa,,
virginians,678,usa,,
christopher,676,usa,,
bill gates,675,usa,,
san fran,654,usa,,
microsoft,642,usa,,
phoenix,640,usa,,
jeff bezos,629,usa,,
senate rules,624,usa,,
nevada,622,usa,,
elon,547,usa,,
texans,543,usa,,
battle creek,535,usa,,
indians,515,usa,,
kirk douglas,509,usa,,
truth bombs,509,usa,,
security threat,504,usa,,
minneapolis,491,usa,,
scott presler,465,usa,,
salvation army,445,usa,,
nebraska,435,usa,,
alexander hamilton,434,usa,,
mccarthyism,424,usa,,
richmond virginia,421,usa,,
citizen journalist,421,usa,,
virginias,413,usa,,
wall street journal story,413,usa,,
senator issues,413,usa,,
senate votes,400,usa,,
unionists,395,usa,,
banana republic,394,usa,,
fda,388,usa,,
atlantic,386,usa,,
cadillac,386,usa,,
congressional,385,usa,,
puerto rican,385,usa,,
epa,379,usa,,
yale,376,usa,,
plymouth,372,usa,,
calgary,371,usa,,
oakland,370,usa,,
foundation whistleblowers,367,usa,,
hancock,364,usa,,
bronx,355,usa,,
swamp mistress,350,usa,,
scale joint investigation,349,usa,,
marshall,349,usa,,
washington d.c.,344,usa,,
cleveland,344,usa,,
arlington,343,usa,,
rosemont seneca,343,usa,,
henderson,337,usa,,
nottingham,333,usa,,
l.a.,330,usa,,
nashville,324,usa,,
kfc,324,usa,,
calif,316,usa,,
huntington,313,usa,,
samaritans,307,usa,,
wyoming,304,usa,,
berkeley,300,usa,,
snerdley,297,usa,,
beto,296,usa,,
texas-08,295,usa,,
subway thief thanks democrats,289,usa,,
san antonio,285,usa,,
azz,283,usa,,
orlando,282,usa,,
brighton,282,usa,,
sabato,282,usa,,
tucson,280,usa,,
paul pelosi jr.,274,usa,,
bladen,274,usa,,
tessa,273,usa,,
pittsburgh,272,usa,,
abraham,272,usa,,
duval,272,usa,,
mn,271,usa,,
at&t,270,usa,,
lsu-clemson,269,usa,,
usda,268,usa,,
brandon van,268,usa,,
bacc,268,usa,,
dakota,267,usa,,
quinnipiac,267,usa,,
commander-in-chiefs trophy,262,usa,,
uni,259,usa,,
cincinnati,259,usa,,
states congress,257,usa,,
attention patriots,257,usa,,
mile sea wall,256,usa,,
house meeting,253,usa,,
baloney,252,usa,,
tobacco,252,usa,,
st. louis,252,usa,,
speech today,252,usa,,
rednecks,250,usa,,
signs phase,250,usa,,
mr johnson,249,usa,,
thomas jefferson,249,usa,,
cameraman,249,usa,,
salvo,248,usa,,
american patriots,248,usa,,
abraham lincoln,247,usa,,
tech elites,247,usa,,
house chairman,246,usa,,
loyalists,246,usa,,
disposition,246,usa,,
policy record,246,usa,,
leadership campaign,244,usa,,
diagnosis,243,usa,,
nations capital,241,usa,,
pride flag,241,usa,,
service deputy assistant director,240,usa,,
street journal editorial,239,usa,,
victim card,236,usa,,
zac goldsmith,234,usa,,
equifax,234,usa,,
midlands,233,usa,,
state funeral,230,usa,,
reasons house,230,usa,,
community standards,230,usa,,
perth,227,usa,,
disney,225,usa,,
freedom day,222,usa,,
hopkins,220,usa,,
albuquerque,220,usa,,
usc,214,usa,,
girl scout,214,usa,,
virgina,212,usa,,
usa usa,212,usa,,
honolulu,211,usa,,
angeles,210,usa,,
senate committee,208,usa,,
states senator,208,usa,,
michael goodwin,208,usa,,
house hearings,206,usa,,
john carter,205,usa,,
rochester,204,usa,,
states government,204,usa,,
samoa,203,usa,,
pearl harbor remembrance day,201,usa,,
american heroes,201,usa,,
perjury trap,200,usa,,
thomas paine,200,usa,,
orgeron,200,usa,,
hudson,198,usa,,
enemy media,198,usa,,
az,194,usa,,
noam chomsky,193,usa,,
anti-trump,193,usa,,
virginias capitol,193,usa,,
roosevelt,192,usa,,
fedex,192,usa,,
typhus outbreak rats,189,usa,,
koch,187,usa,,
georgetown,185,usa,,
libtard,185,usa,,
capitol building,184,usa,,
john maynard keynes,183,usa,,
andrew johnson,182,usa,,
jfk jr.,182,usa,,
senate acquittal,182,usa,,
libtards,181,usa,,
albany,180,usa,,
chairman senate judiciary,179,usa,,
daria ortiz,177,usa,,
state swamp officials,156,usa,,
rationing plan,152,usa,,
loretta lynch-bill clinton,149,usa,,
arizonaa,143,usa,,
palm beach jail,135,usa,,
disney measles,135,usa,,
trial prosecutors,134,usa,,
subpoena democrats,134,usa,,
city council ordinance,129,usa,,
candi cdebaca,120,usa,,
veterans/patriots,110,usa,,
bill gates charity cash,104,usa,,
multi agency taskforce,104,usa,,
oversight mandate,104,usa,,
tanker vet,101,usa,,
patrick carroll,95,usa,,
richard strauss,93,usa,,
interagency turf war,90,usa,,
allentown march,89,usa,,
pittsburgh march,89,usa,,
jorge rivas,86,usa,,
climate change,14425,,cc,
greta,13281,,cc,
air,10499,,cc,
water,9853,,cc,
planet,7754,,cc,
animals,6898,,cc,
climate,6761,,cc,
energy,6516,,cc,
humanity,4621,,cc,
warming,4179,,cc,
environment,3773,,cc,
earth,3653,,cc,
nature,3520,,cc,
ice,3322,,cc,
cc,3238,,cc,
trees,2909,,cc,
bushfires,2562,,cc,
waters,2423,,cc,
coal,2252,,cc,
greta thunberg,2105,,cc,
fuel,1772,,cc,
electricity,1763,,cc,
climate crisis,1756,,cc,
animal,1570,,cc,
rebellion,1552,,cc,
emissions,1547,,cc,
earthquake,1433,,cc,
mass immigration,1426,,cc,
species,1412,,cc,
hurricane,1407,,cc,
rinos,1388,,cc,
greens,1166,,cc,
temperatures,1071,,cc,
temperature,1029,,cc,
climate emergency,961,,cc,
climate refugees,847,,cc,
climate activist,687,,cc,
climate policy,511,,cc,
climate change activists,495,,cc,
carbon footprint,450,,cc,
oxygen,441,,cc,
climate alarmists,440,,cc,
environmentalists,419,,cc,
climate change hoax,402,,cc,
climate activists,349,,cc,
environmentalist regulations,321,,cc,
climate hoax,317,,cc,
shores,308,,cc,
co2,307,,cc,
carbon emissions,304,,cc,
penguin,266,,cc,
whale,266,,cc,
beaches,257,,cc,
magnitude earthquake,239,,cc,
climate science,239,,cc,
cooling,236,,cc,
habitat,195,,cc,
climate experts,195,,cc,
climate alarmism,194,,cc,
air pollution,192,,cc,
coal plants,191,,cc,
climate deal,190,,cc,
polluters,188,,cc,
acid rain,184,,cc,
emissions decline,161,,cc,
peter nygard,341,,child-abuse,
jesus,11577,,christian,
christian,10841,,christian,
church,7613,,christian,
christianity,6602,,christian,
christians,4259,,christian,
christ,3754,,christian,
jesus christ,3129,,christian,
catholic,2313,,christian,
pope,1682,,christian,
war,41443,,conflict,
death,28256,,conflict,
coup,18871,,conflict,
attack,18816,,conflict,
threat,16670,,conflict,
violence,16555,,conflict,
enemy,13475,,conflict,
fight,9592,,conflict,
blood,7057,,conflict,
casualties,6145,,conflict,
deaths,5562,,conflict,
flight,5299,,conflict,
conflict,4951,,conflict,
attacks,3003,,conflict,
regime change,432,,conflict,
mercenaries,390,,conflict,
flight closings,578,,corona-virus,
health nightmare,178,,corona-virus,
virus,128,,corona-virus,
mortality factor,128,,corona-virus,
surveillance-state apparatchik,125,,corona-virus,
health doctors,125,,corona-virus,
coronavirus,86,,corona-virus,
self-isolate,79,,corona-virus,
corona,39,,corona-virus,
coronavirus-,23,,corona-virus,
corona-2020,15,,corona-virus,
#coronaoutbreak,11,,corona-virus,
coronavirus-hit,9,,corona-virus,
corona-chaos,8,,corona-virus,
corruption,34677,,corruption,
corruption cases,242,,corruption,
abuse,33955,,crime,
crime,30439,,crime,
crimes,23705,,crime,
shot,18777,,crime,
prison,16456,,crime,
jail,12723,,crime,
treason,12516,,crime,
fraud,12464,,crime,
murder,11523,,crime,
criminals,10847,,crime,
gangs,8247,,crime,
assault,7195,,crime,
bribery,7060,,crime,
gang,6357,,crime,
weapon,4784,,crime,
shooter,4573,,crime,
trafficking,4533,,crime,
assassination,4002,,crime,
killing,3720,,crime,
shooting,3338,,crime,
arsonists,2071,,crime,
murders,2068,,crime,
arson,1974,,crime,
murderer,1958,,crime,
massacre,1851,,crime,
misdemeanors,1850,,crime,
rapes,1829,,crime,
sex trafficking,1631,,crime,
murderers,1558,,crime,
drug cartels,914,,crime,
mafia,733,,crime,
knife crime,462,,crime,
abuse report,455,,crime,
deal,32827,,deal,
troops,16740,,defense,
missiles,13552,,defense,
soldiers,11401,,defense,
defense,9117,,defense,
army,8681,,defense,
weapons,8225,,defense,
missile,8096,,defense,
space,7600,,defense,
arms,6805,,defense,
battle,6197,,defense,
wars,5677,,defense,
commander,4537,,defense,
navy,2430,,defense,
world war,1888,,defense,
money,56046,,economy,
job,35608,,economy,
economy,31418,,economy,
jobs,26446,,economy,
trade deal,15419,,economy,
business,12212,,economy,
taxes,10666,,economy,
trade,8670,,economy,
crisis,8270,,economy,
taxpayers,7154,,economy,
unemployment,6873,,economy,
companies,6512,,economy,
credit,6055,,economy,
poverty,5025,,economy,
bank,4847,,economy,
oil,4831,,economy,
wages,4797,,economy,
farmers,4682,,economy,
stock market,4285,,economy,
debt,4166,,economy,
tax dollars,4056,,economy,
budget,3862,,economy,
trade deals,3833,,economy,
banks,2930,,economy,
unemployment rate,2838,,economy,
capitalism,2803,,economy,
economics,1690,,economy,
recession,1677,,economy,
farmer,1535,,economy,
employment,1389,,economy,
school,16007,,education,
students,15182,,education,
schools,9760,,education,
college,7687,,education,
student,7521,,education,
education,6755,,education,
teacher,3825,,education,
teachers,3487,,education,
universities,2847,,education,
education policies,404,,education,
educators,235,,education,
election,66802,,election,
campaign,47127,,election,
voters,36054,,election,
vote,27500,,election,
candidate,19155,,election,
votes,17859,,election,
democracy,16608,,election,
debate,16386,,election,
poll,15752,,election,
elections,15003,,election,
voter,11429,,election,
race,11049,,election,
polls,10008,,election,
voter fraud,3716,,election,
electorate,2453,,election,
ballot,2233,,election,
election results,1905,,election,
leadership election,246,,election,
gas,3403,,energy,
wind,2929,,energy,
gas company,1522,,energy,
greenpeace,300,,env,
family,46165,,family,
families,16142,,family,
mother,11115,,family,
daughter,10958,,family,
husband,9927,,family,
babies,9775,,family,
baby,9709,,family,
dad,8881,,family,
mom,5752,,family,
fathers,3141,,family,
family members,1874,,family,
pregnancy,477,,family,
africa,4493,,fp-africa,FP-AF
biafra,491,,fp-africa,FP-AF
chad,235,,fp-africa,FP-AF
armenian,273,,fp-armenia,FP-CA
asians,427,,fp-asia,FP-EA
australia,15102,,fp-australia,FP-AU
sydney,1944,,fp-australia,FP-AU
myanmar,288,,fp-burma,FP-SEA
egypt,1674,,fp-egypt,FP-ME
ethiopia,344,,fp-ethiopia,FP-AF
davos,6330,,fp-globalists,FP-GLO
globalists,1442,,fp-globalists,FP-GLO
haiti,1419,,fp-haiti,FP-LA
kong,3578,,fp-hongkong,FP-EA
india,9857,,fp-india,FP-SA
hindus,3756,,fp-india,FP-SA
delhi,3163,,fp-india,FP-SA
bjp,1742,,fp-india,FP-SA
modi,832,,fp-india,FP-SA
maharashtra,430,,fp-india,FP-SA
rahul gandhi,302,,fp-india,FP-SA
karnataka,300,,fp-india,FP-SA
assam,299,,fp-india,FP-SA
minister modi,296,,fp-india,FP-SA
gujarat,292,,fp-india,FP-SA
tahir hussain,285,,fp-india,FP-SA
hyderabad,256,,fp-india,FP-SA
ratan,179,,fp-india,FP-SA
ankit sharma,155,,fp-india,FP-SA
indonesia,514,,fp-indonesia,FP-SEA
israel,20906,,fp-israel,FP-ME
jerusalem,3213,,fp-israel,FP-ME
gaza,2469,,fp-israel,FP-ME
palestine,2363,,fp-israel,FP-ME
netanyahu,1259,,fp-israel,FP-ME
apartheid,1020,,fp-israel,FP-ME
palestinians,569,,fp-israel,FP-ME
bethlehem,565,,fp-israel,FP-ME
benjamin netanyahu,367,,fp-israel,FP-ME
hebron,310,,fp-israel,FP-ME
hebrew,284,,fp-israel,FP-ME
apartheid state,219,,fp-israel,FP-ME
jordan,2793,,fp-jordan,FP-ME
kazakhs,305,,fp-kazakhstan,FP-CA
benghazi,6970,,fp-libya,FP-AF
libya,4855,,fp-libya,FP-AF
gaddafi,1022,,fp-libya,FP-AF
tripoli,350,,fp-libya,FP-AF
#benghazi,296,,fp-libya,FP-AF
qaddafi,185,,fp-libya,FP-AF
qatar,2479,,fp-qatar,FP-ME
kuwait,481,,fp-kuwait,FP-ME
beirut,288,,fp-lebanon,FP-ME
sect,239,,fp-me,FP-ME
bahrain,212,,fp-bahrain,FP-ME
jamal khashoggi,186,,fp-saudi,FP-ME
nigeria,4021,,fp-nigeria,FP-AF
nigerian,246,,fp-nigeria,FP-AF
pakistan,6400,,fp-pakistan,FP-SA
khan,1746,,fp-pakistan,FP-SA
jinnah,276,,fp-pakistan,FP-SA
singapore,423,,fp-singapore,FP-SEA
sudan,466,,fp-sudan,FP-AF
syria,6955,,fp-syria,FP-ME
#syria,668,,fp-syria,FP-ME
damascus,571,,fp-syria,FP-ME
turkey,3638,,fp-turkey,FP-WA
erdogan,742,,fp-turkey,FP-WA
turkeys,281,,fp-turkey,FP-WA
vietnam,1897,,fp-vietnam,FP-SEA
yemen,1718,,fp-yemen,FP-ME
gender,2657,,gender,
government,44332,,government,
guns,15560,,gun control,
gun,10399,,gun control,
shootings,1524,,gun control,
hate crime,1090,,hate-crime,
hospital,7584,,health,
coverage,6903,,health,
health,6553,,health,
cancer,5872,,health,
healthcare,5313,,health,
drugs,5013,,health,
doctors,4750,,health,
doctor,4407,,health,
virus,3848,,health,
patients,3199,,health,
hospitals,2994,,health,
vaccines,2340,,health,
disease,2301,,health,
nurses,2206,,health,
medicine,1995,,health,
nurse,1976,,health,
derangement syndrome,1816,,health,
illness,1707,,health,
surgery,1691,,health,
injuries,1602,,health,
health plans,423,,health,
healthcare system,332,,health,
virus outbreak,288,,health,
health crisis,231,,health,
#vaccine,228,,health,
history,52326,,history,
slavery,2796,,human-rights,
genocide,2687,,human-rights,
persecution,2073,,human-rights,
press freedom,414,,human-rights,
socialism,13052,,ideology,
leftists,8885,,ideology,
left,5666,,ideology,
socialists,5548,,ideology,
libs,5203,,ideology,
communism,4497,,ideology,
communist,3772,,ideology,
communists,3052,,ideology,
hitler,2862,,ideology,
lefties,2515,,ideology,
feminists,2233,,ideology,
fascists,2060,,ideology,
fascism,2005,,ideology,
liberalism,1777,,ideology,
commie,1510,,ideology,
citizens,30490,,immigration,
aliens,10580,,immigration,
immigrants,10472,,immigration,
refugees,9603,,immigration,
immigration,9328,,immigration,
border,8996,,immigration,
migrants,8878,,immigration,
borders,6221,,immigration,
citizenship,6218,,immigration,
illegals,3016,,immigration,
migration,1408,,immigration,
immigration system,506,,immigration,
immigration laws,426,,immigration,
immigration policies,370,,immigration,
immigration security,136,,immigration,
refugee,2306,,immigration ,
foreigners,2214,,immigration ,
intelligence,7198,,intelligence,
intel,2961,,intelligence,
muslims,8632,,islam,
islam,6974,,islam,
hijab,1894,,islam,
mosque,1873,,islam,
allah,1410,,islam,
mosques,1248,,islam,
islamists,1157,,islam,
islamic,1115,,islam,
non-muslims,362,,islam,
arab,319,,islam,
sharia law,241,,islam,
jews,5568,,jews,
antisemitism,4029,,jews,
anti-semitism,3798,,jews,
anti-semite,1806,,jews,
holocaust,1572,,jews,
auschwitz,1263,,jews,
antisemite,1011,,jews,
hanukkah,594,,jews,
zionism,514,,jews,
hebrew israelites,443,,jews,
jewish,258,,jews,
menorah,239,,jews,
#auschwitz,215,,jews,
anti semite,204,,jews,
evidence,52932,,justice,
law,48995,,justice,
court,43735,,justice,
investigation,43335,,justice,
witnesses,28506,,justice,
trial,28188,,justice,
justice,27387,,justice,
bill,25772,,justice,
police,25187,,justice,
rights,23684,,justice,
attorney,17775,,justice,
judge,13327,,justice,
witness,12336,,justice,
whistleblower,12300,,justice,
laws,11982,,justice,
testimony,11162,,justice,
rule,10621,,justice,
collusion,10349,,justice,
cops,10330,,justice,
judges,9724,,justice,
lawyers,9394,,justice,
lawsuit,8283,,justice,
courts,7107,,justice,
law enforcement,6349,,justice,
charges,6108,,justice,
prosecution,5271,,justice,
legislation,5045,,justice,
arrests,4794,,justice,
jury,2791,,justice,
judiciary,2631,,justice,
sentencing,2622,,justice,
justice system,2353,,justice,
bailout,393,,justice,
homosexuality,450,,lgbt,
marxists,654,,marxism,
karl,605,,marxism,
karl marx,213,,marxism,
media,82729,,media,
press,14086,,media,
journalists,13852,,media,
propaganda,12218,,media,
narrative,10692,,media,
journalist,10445,,media,
hoax,9787,,media,
conspiracy,8147,,media,
reporters,8072,,media,
mainstream media,6098,,media,
news media,5601,,media,
actor,5163,,media,
journalism,5025,,media,
internet,4593,,media,
meme,3820,,media,
censorship,3135,,media,
conspiracy theory,2994,,media,
radio,2684,,media,
disinformation,2456,,media,
trolls,2437,,media,
bots,1499,,media,
troll,1383,,media,
media mob,231,,media,
phone intercepts,249,,mh-17,
minorities,3710,,minorities,
minority,3361,,minorities,
nation,30351,,nationalism,
patriot,13651,,nationalism,
flag,13215,,nationalism,
patriots,10582,,nationalism,
flags,4398,,nationalism,
county,4395,,nationalism,
independence,4333,,nationalism,
patriotism,1864,,nationalism,
nationalism,1424,,nationalism,
nazis,3263,,nazism,
nazi,1180,,nazism,
nazism,283,,nazism,
adolf hitler,269,,nazism,
heil hitler,90,,nazism,
homelessness,3339,,poverty,
food stamps,1755,,poverty,
starvation,424,,poverty,
food stamp rule,355,,poverty,
power,53992,,power,
rally,33930,,protest,
protesters,14537,,protest,
crowd,12275,,protest,
protests,10943,,protest,
protest,8579,,protest,
protestors,6598,,protest,
activist,6169,,protest,
change,6032,,protest,
petition,6030,,protest,
strike,5975,,protest,
activists,5943,,protest,
revolution,5728,,protest,
crowds,3275,,protest,
resistance,3233,,protest,
riots,2643,,protest,
protester,2248,,protest,
rallies,2244,,protest,
radicals,1559,,protest,
masses,1519,,protest,
demonstration,1422,,protest,
riot,1209,,protest,
uprisings,209,,protest,
riots today,175,,protest,
railway blockade,88,,protest,
racism,13366,,race,
racists,3877,,race,
supremacists,2376,,race,
race war,316,,race,
god,33898,,religion,
christmas,25037,,religion,
hell,24370,,religion,
faith,10545,,religion,
prayers,8477,,religion,
religion,7955,,religion,
prayer,6720,,religion,
devil,3088,,religion,
satan,2674,,religion,
player,1737,,religion,
sin,1546,,religion,
angels,1423,,religion,
sins,1406,,religion,
russia,35621,,russia,
julian assange,4748,,russia,
putin,3662,,russia,
oligarch,1418,,russia,
vladimir putin,1053,,russia,
moscow,1000,,russia,
ussr,788,,russia,
russian,575,,russia,
weaponization,487,,russia,
oligarchs,431,,russia,
medvedev,343,,russia,
kgb,284,,russia,
russia russia russia,269,,russia,
audit chamber,245,,russia,
vladimir,214,,russia,
pravda,199,,russia,
security,16789,,security,
women,42177,,segment,
children,41718,,segment,
woman,41498,,segment,
men,33401,,segment,
kids,24727,,segment,
child,21951,,segment,
girls,15569,,segment,
girl,15562,,segment,
parents,11815,,segment,
establishment,6798,,segment,
elites,4921,,segment,
civilians,4678,,segment,
scientists,4567,,segment,
adults,4481,,segment,
prostitutes,515,,sex,
sex offences,480,,sex,
sexuality,427,,sex,
prostitute,420,,sex,
sex offender,403,,sex,
sex trafficking equivalent,402,,sex,
george soros,6650,,soros,
george,5700,,soros,
tax,6075,,spending,
taxpayer money,2253,,spending,
terrorists,23507,,terrorism,
terrorism,10565,,terrorism,
isis,8049,,terrorism,
terror,5521,,terrorism,
bomb,3102,,terrorism,
bombs,3006,,terrorism,
extremists,2667,,terrorism,
jihad,1938,,terrorism,
jihadists,1100,,terrorism,
qaeda,981,,terrorism,
bomber,658,,terrorism,
bombing,417,,terrorism,
terror group,361,,terrorism,
terror chief,346,,terrorism,
terror attack,298,,terrorism,
terror threat,261,,terrorism,
life,58926,,value,
truth,47978,,value,
lies,31790,,value,
facts,29868,,value,
constitution,28586,,value,
home,27443,,value,
liar,18544,,value,
lives,15331,,value,
love,12488,,value,
culture,8005,,value,
fairness,6338,,value,
courage,5073,,value,
honesty,2049,,value,
conscience,1878,,value,
youth,2690,,youth,
teenager,1743,,youth,
teens,1397,,youth,
realdonaldtrump,1000,usa,,
therightmelissa,1000,usa,,
spygate,1000,usa,,
obamagate,1000,usa,,
riggedit,1000,usa,,
saveamerica,1000,usa,,
unitednotdivied,1000,usa,,
wakeupamerica,1000,usa,,
auspol,1000,eu,,
flynnfighters,1000,usa,,
adjunctprofssr,1000,usa,,
patriotsawakened,1000,usa,,
princelouis,1000,uk,,
princegeorge,1000,uk,,
duchessofcambridge,1000,uk,,
princessofcharlotte,1000,uk,,
britons,1000,uk,,
2ndamendment,1000,usa,,
2a,1000,usa,,
borisjohnson,1000,uk,,
anti-gun,1000,usa,,
kag2020,1000,usa,,
trumpn2020,1000,usa,,
westyorkshire,1000,uk,,
palmvalley,1000,usa,,
edinburg,1000,usa,,
